source_input,channel_id,channel_title,video_id,video_title,video_description,video_published_at,video_tags,video_category_id,video_duration,video_definition,video_caption,video_licensed_content,video_projection,video_view_count,video_like_count,video_comment_count,video_favorite_count
https://www.youtube.com/@theMITmonk,UC4ZVkG3RQPzvZk7alIVjcCg,theMITmonk,zlk8Li7imT0,Make Your Product a Habit,,2026-02-03T19:00:57Z,,22,PT35S,hd,false,True,rectangular,598,25,0,0
https://www.youtube.com/@theMITmonk,UC4ZVkG3RQPzvZk7alIVjcCg,theMITmonk,UD55kHxTLpE,Build A Business With This Unfair Advantage,,2026-02-02T19:00:28Z,,22,PT54S,hd,false,True,rectangular,16562,410,4,0
https://www.youtube.com/@theMITmonk,UC4ZVkG3RQPzvZk7alIVjcCg,theMITmonk,0XnnBkDXZJA,This Popular Piece of Advice Could Kill Your Business in 2026,,2026-02-01T19:00:01Z,,22,PT45S,hd,false,True,rectangular,13646,276,3,0
https://www.youtube.com/@theMITmonk,UC4ZVkG3RQPzvZk7alIVjcCg,theMITmonk,jYwhVcSTDcI,Why Flashcards Are A Terrible Idea For Learning,,2026-01-31T19:00:52Z,,22,PT50S,hd,false,True,rectangular,12903,475,5,0
https://www.youtube.com/@theMITmonk,UC4ZVkG3RQPzvZk7alIVjcCg,theMITmonk,ENvNEDJ1Nr4,This Company Went From Zero to $500M in Revenue in 2.5 Years,,2026-01-30T19:00:14Z,,22,PT55S,hd,false,True,rectangular,18064,595,4,0
https://www.youtube.com/@theMITmonk,UC4ZVkG3RQPzvZk7alIVjcCg,theMITmonk,L4bdfyu6Jnw,The AI Career Survival Path No One Is Talking About,"In this video, I talk honestly about what the AI explosion means for jobs, and why some roles are far more at risk than others. Drawing from conversations I’ve had inside Silicon Valley boardrooms, I’ll walk you through how to think about what’s coming and how to stay ahead of it.

If you want to future-proof your career instead of reacting too late, this video will help you think more clearly about your next move.

00:00 The AI Bubble: Is It About to Burst?
00:52 Understanding the AI Tsunami
01:49 Recognizing the Flood Zone
02:34 The RAIL Framework for Survival
04:44 Mapping the AI Landscape
07:54 Avoiding the AI Job Apocalypse
09:01 Three Steps to Future-Proof Your Career
10:32 The Three Rs for Success
14:43 Final Thoughts and Encouragement",2026-01-30T14:00:38Z,,22,PT14M56S,hd,false,True,rectangular,106064,3967,229,0
https://www.youtube.com/@theMITmonk,UC4ZVkG3RQPzvZk7alIVjcCg,theMITmonk,3pBFd9odNr8,Why Most People Fail At Building AI Businesses,,2026-01-29T19:00:10Z,,22,PT49S,hd,false,True,rectangular,12566,454,4,0
https://www.youtube.com/@theMITmonk,UC4ZVkG3RQPzvZk7alIVjcCg,theMITmonk,kSyoc88_IT4,How To Win In Business In 2026,,2026-01-28T19:00:52Z,,22,PT53S,hd,false,True,rectangular,19272,635,9,0
https://www.youtube.com/@theMITmonk,UC4ZVkG3RQPzvZk7alIVjcCg,theMITmonk,dyUttYN7nBQ,Why Most People Are Learning Wrong,,2026-01-27T19:00:39Z,,22,PT54S,hd,false,True,rectangular,13728,461,4,0
https://www.youtube.com/@theMITmonk,UC4ZVkG3RQPzvZk7alIVjcCg,theMITmonk,bp50ZjZaEQI,Don't Start a Business Without Doing This,,2026-01-26T19:00:38Z,,22,PT44S,hd,false,True,rectangular,21213,686,11,0
https://www.youtube.com/@theMITmonk,UC4ZVkG3RQPzvZk7alIVjcCg,theMITmonk,OzGE_ctPFqg,How Superhuman Memory Can Ruin Your Life,,2026-01-25T19:00:34Z,,22,PT50S,hd,false,True,rectangular,14400,338,7,0
https://www.youtube.com/@theMITmonk,UC4ZVkG3RQPzvZk7alIVjcCg,theMITmonk,4vdCOHK7Duw,What Top Chess Players Can Teach Us About Learning,,2026-01-24T19:00:05Z,,22,PT55S,hd,false,True,rectangular,21584,737,4,0
https://www.youtube.com/@theMITmonk,UC4ZVkG3RQPzvZk7alIVjcCg,theMITmonk,US3lSNuCZGE,Your Brain Is Lying To You,,2026-01-23T19:00:25Z,,22,PT52S,hd,false,True,rectangular,31343,1370,12,0
https://www.youtube.com/@theMITmonk,UC4ZVkG3RQPzvZk7alIVjcCg,theMITmonk,A8_nNYLTXEQ,Give Me 18 Minutes and I’ll Make you Dangerously Smart (with AI),"In this video, I break down how the top 1% actually use AI, not to look smart, but to think better and move faster. I’ll share what I learned on my own journey, from being homeless to graduating from MIT and later advising billion-dollar AI companies.

If you want AI to actually make you sharper instead of dependent on it, this video will help you rethink how you use it.

00:00 Introduction: The Power of AI
00:37 Step 1: Intelligent Laziness
03:47 The DRAG Framework
06:43 Step 2: The Intelligent Hill
12:13 Step 3: The Intelligent Gym
15:03 Step 4: The Intelligent Fool
17:41 Conclusion: Embrace Your True Intelligence",2026-01-23T14:00:27Z,,22,PT18M57S,hd,false,True,rectangular,654083,29049,714,0
https://www.youtube.com/@theMITmonk,UC4ZVkG3RQPzvZk7alIVjcCg,theMITmonk,2Wvy9Rax7Xc,The 5 Core Functions of Any Business,,2026-01-22T19:00:05Z,,22,PT46S,hd,false,True,rectangular,21042,692,6,0
https://www.youtube.com/@theMITmonk,UC4ZVkG3RQPzvZk7alIVjcCg,theMITmonk,9Zc8CaFViUQ,The Biggest Difference Between Those Who Succeed In Business And Those Who Fail,,2026-01-21T19:00:14Z,,22,PT50S,hd,false,True,rectangular,25094,842,5,0
https://www.youtube.com/@theMITmonk,UC4ZVkG3RQPzvZk7alIVjcCg,theMITmonk,r6svg4ruf8M,Does It Matter That AI Hallucinates?,,2026-01-17T19:00:55Z,,22,PT58S,hd,false,True,rectangular,15509,372,3,0
https://www.youtube.com/@theMITmonk,UC4ZVkG3RQPzvZk7alIVjcCg,theMITmonk,5g0DIRsgHAw,Worst Career Advice I’ve Been Given,,2026-01-16T19:00:06Z,,22,PT41S,hd,false,True,rectangular,49716,1785,30,0
https://www.youtube.com/@theMITmonk,UC4ZVkG3RQPzvZk7alIVjcCg,theMITmonk,yCCIDNvp5dk,Everything I Learned Sitting in Billion-Dollar Boardrooms,"Most people think success comes down to working harder or being smarter. That’s not what I’ve seen. After spending time in billion-dollar boardrooms and working closely with top CEOs, I started noticing a different set of patterns — the ones almost no one talks about.

If you want to stop playing the same game as everyone else and start thinking differently about progress, this video will change how you look at success.

00:00 Introduction: The Hidden Rules of Success
00:39 Listening to the Ghost Notes
03:25 Learning Through Mistakes
06:43 Embracing Adaptive Tension
10:51 The Time Horizon Advantage
15:10 Building a Strong Identity
17:07 Conclusion: You Are Meant for More",2026-01-16T14:01:48Z,,22,PT17M37S,hd,false,True,rectangular,682069,24262,643,0
https://www.youtube.com/@theMITmonk,UC4ZVkG3RQPzvZk7alIVjcCg,theMITmonk,UCIIHK7AivU,I Got Fired 3 Times.Then Became a CEO,,2026-01-13T18:00:39Z,,22,PT45S,hd,false,True,rectangular,31010,874,14,0
https://www.youtube.com/@theMITmonk,UC4ZVkG3RQPzvZk7alIVjcCg,theMITmonk,Jqp7tADBkY8,How to Become the Best at What You Do,"Most advice about success sounds the same — work harder, stay disciplined, push through. That’s not how the top 1% actually operate. In this video, I break down what I’ve seen consistently work after years as a CEO, board member, and investor.

If you feel like you’re doing “all the right things” but still pushing uphill, this video will help you recalibrate how you approach performance and growth.

00:00 Introduction: Breaking Away from Common Advice
00:45 Principle 1: Understanding Your Anti-Talent
04:39 Principle 2: Your Biological Balance Sheet
07:49 Principle 3: The Simulation Advantage
11:36 Principle 4: Virtuoso Silence
13:28 Conclusion: Focus on Skill, Not Success
14:58 Final Thoughts and Call to Action",2026-01-09T14:00:40Z,,22,PT15M6S,hd,false,True,rectangular,373693,16653,417,0
https://www.youtube.com/@theMITmonk,UC4ZVkG3RQPzvZk7alIVjcCg,theMITmonk,jldxKH8gnOE,Will AI Take Apple’s Crown,,2026-01-08T21:41:08Z,,22,PT54S,hd,false,True,rectangular,80418,1130,20,0
https://www.youtube.com/@theMITmonk,UC4ZVkG3RQPzvZk7alIVjcCg,theMITmonk,NKnI43mQ2Dc,The Real Reason Most People Never Get Rich,,2026-01-06T19:00:33Z,,22,PT53S,hd,false,True,rectangular,52690,1990,30,0
https://www.youtube.com/@theMITmonk,UC4ZVkG3RQPzvZk7alIVjcCg,theMITmonk,M4tqFx2BJXg,Close More Sales With This AI Tool,,2026-01-05T19:00:32Z,,22,PT49S,hd,false,True,rectangular,27550,837,6,0
https://www.youtube.com/@theMITmonk,UC4ZVkG3RQPzvZk7alIVjcCg,theMITmonk,KH-DnDjZUXg,Do You Have to be Polite to AI?,,2026-01-04T19:00:29Z,,22,PT1M,hd,false,True,rectangular,23352,648,15,0
https://www.youtube.com/@theMITmonk,UC4ZVkG3RQPzvZk7alIVjcCg,theMITmonk,tohWfBXmyJg,3 Books That Changed My Life,,2026-01-03T19:01:01Z,,22,PT58S,hd,false,True,rectangular,104577,3662,39,0
https://www.youtube.com/@theMITmonk,UC4ZVkG3RQPzvZk7alIVjcCg,theMITmonk,0NIZjIQwArE,Should You Go To University?,,2026-01-02T19:00:01Z,,22,PT58S,hd,false,True,rectangular,34567,937,19,0
https://www.youtube.com/@theMITmonk,UC4ZVkG3RQPzvZk7alIVjcCg,theMITmonk,hjGZl4xm5s0,Even The Top 1% Feel This Sometimes,,2025-12-23T19:00:47Z,,22,PT58S,hd,false,True,rectangular,26109,890,8,0
https://www.youtube.com/@theMITmonk,UC4ZVkG3RQPzvZk7alIVjcCg,theMITmonk,w0HOLHqlDRA,What Airbnb Can Teach Us About Time Management,,2025-12-22T19:01:06Z,,22,PT40S,hd,false,True,rectangular,22304,377,3,0
https://www.youtube.com/@theMITmonk,UC4ZVkG3RQPzvZk7alIVjcCg,theMITmonk,LdL3Rs3cGy8,If You Want To Manage Your Time Like The Top 1% Understand This,,2025-12-21T19:00:20Z,,22,PT54S,hd,false,True,rectangular,22727,720,3,0
https://www.youtube.com/@theMITmonk,UC4ZVkG3RQPzvZk7alIVjcCg,theMITmonk,niYYyHSUEAc,The Best Leaders Don't Manage Time,,2025-12-20T19:00:48Z,,22,PT39S,hd,false,True,rectangular,20034,493,0,0
https://www.youtube.com/@theMITmonk,UC4ZVkG3RQPzvZk7alIVjcCg,theMITmonk,TsfdSTP8chg,This Brutal Question Will Make You 10x More Productive,,2025-12-19T19:00:36Z,,22,PT52S,hd,false,True,rectangular,27920,787,2,0
https://www.youtube.com/@theMITmonk,UC4ZVkG3RQPzvZk7alIVjcCg,theMITmonk,npQ2IORdlvU,How To Learn So Fast It’s Almost Unfair,"From growing up in Mumbai to graduating from MIT and becoming a former CEO, I learned one skill that changed everything: how to learn faster than everyone else. In this video, I break down why intelligence is no longer the real advantage in an AI-driven world, speed of learning is.

I’ll introduce the Three C Protocol, a simple system designed to help you learn, retain, and apply knowledge at a top-1% level. Backed by real-world examples and cognitive science, you’ll see how your brain actually learns, why rest matters more than repetition, and the exact steps to upgrade how you acquire new skills.

00:00 From Struggles to Success: My Learning Journey
00:51 The Brain's Limitations and Learning Challenges
01:53 The Generation Effect: Embracing Struggle in Learning
02:45 The Three C Protocol: Compress, Compile, Consolidate
03:03 Compress: Simplifying Complex Information
05:14 Compile: Effective Learning Techniques
09:13 Consolidate: Retaining Knowledge Long-Term
11:36 Final Thoughts: Embrace Your Unique Learning Path",2025-12-19T16:01:23Z,,22,PT12M35S,hd,false,True,rectangular,2777760,129207,1957,0
https://www.youtube.com/@theMITmonk,UC4ZVkG3RQPzvZk7alIVjcCg,theMITmonk,czhaS-TKrvQ,The Reason Most People Fail At Productivity,,2025-12-18T19:00:41Z,,22,PT45S,hd,false,True,rectangular,19614,465,4,0
https://www.youtube.com/@theMITmonk,UC4ZVkG3RQPzvZk7alIVjcCg,theMITmonk,fuhi5LI6mPA,Even The Smartest AI Needs This,,2025-12-17T19:00:41Z,,22,PT54S,hd,false,True,rectangular,17215,529,9,0
https://www.youtube.com/@theMITmonk,UC4ZVkG3RQPzvZk7alIVjcCg,theMITmonk,bwX39IBonf8,A Dangerous Problem Of AI,,2025-12-16T19:00:40Z,,22,PT30S,hd,false,True,rectangular,20749,400,11,0
https://www.youtube.com/@theMITmonk,UC4ZVkG3RQPzvZk7alIVjcCg,theMITmonk,gAr-vvKKv9A,These AI Tools Will Run Your Business For You,,2025-12-14T19:00:41Z,,22,PT49S,hd,false,True,rectangular,30871,839,7,0
https://www.youtube.com/@theMITmonk,UC4ZVkG3RQPzvZk7alIVjcCg,theMITmonk,JV6Rc7mYitw,The Secret To Scaling Your Business,,2025-12-13T19:00:19Z,,22,PT41S,hd,false,True,rectangular,19518,584,6,0
https://www.youtube.com/@theMITmonk,UC4ZVkG3RQPzvZk7alIVjcCg,theMITmonk,JZWlYMrra-Q,Here's Why MIT Students Are The Smartest,,2025-12-12T19:00:29Z,,22,PT48S,hd,false,True,rectangular,20764,568,6,0
https://www.youtube.com/@theMITmonk,UC4ZVkG3RQPzvZk7alIVjcCg,theMITmonk,Nqx0QjHQ9ww,AI CEO: THIS is How I'd Make My First Million With AI in 2026,"AI is creating a new class of millionaires, and it’s not just coders or Silicon Valley insiders. In this video, I break down how regular people who think like startup founders are using AI to win in the 2020s.

Drawing from my experience as a CEO, board member, and tech investor, I’ll show you the real advantage in an AI-driven world: building feedback loops that compound faster than talent or capital. You’ll learn the four loops that matter most and how the best builders of 2026 use them to outlearn and outpace everyone else.

If you want to build leverage, move faster, and stay ahead as AI accelerates, this is where to start.

00:00 AI Millionaires: The New Frontier
00:36 Understanding the Financial Shift
01:57 The Balance Loop: Asymmetric Advantage and Acute Pain
05:20 Speed to Revenue Loop: The Cursor Case Study
07:33 Signal to Innovation Loop: Learning from YouTube and Quibi
11:31 Sweat Equity Loop: The Founder’s Journey
13:30 Conclusion: Wisdom and Wealth",2025-12-12T18:00:35Z,,22,PT14M4S,hd,false,True,rectangular,507858,14777,524,0
https://www.youtube.com/@theMITmonk,UC4ZVkG3RQPzvZk7alIVjcCg,theMITmonk,RF8ldP2jaRM,This AI Tool Gets You Leads That Actually Convert,,2025-12-11T19:00:23Z,,22,PT44S,hd,false,True,rectangular,12703,343,8,0
https://www.youtube.com/@theMITmonk,UC4ZVkG3RQPzvZk7alIVjcCg,theMITmonk,Ywy8wckN644,The Ultimate Hack For Doing Hard Things,,2025-12-10T19:00:42Z,,22,PT55S,hd,false,True,rectangular,21782,920,15,0
https://www.youtube.com/@theMITmonk,UC4ZVkG3RQPzvZk7alIVjcCg,theMITmonk,BdtV1Tq1Nug,Experts Don't Trust Memory,,2025-12-09T19:00:10Z,,22,PT55S,hd,false,True,rectangular,31031,962,5,0
https://www.youtube.com/@theMITmonk,UC4ZVkG3RQPzvZk7alIVjcCg,theMITmonk,BjYtJbdSiIU,Stop Relying On Willpower,,2025-12-08T19:00:10Z,,22,PT56S,hd,false,True,rectangular,21950,630,14,0
https://www.youtube.com/@theMITmonk,UC4ZVkG3RQPzvZk7alIVjcCg,theMITmonk,z4h1VCIeGJs,This AI Tool Will Warm Up Your Leads For You,,2025-12-07T19:00:57Z,,22,PT44S,hd,false,True,rectangular,17537,458,7,0
https://www.youtube.com/@theMITmonk,UC4ZVkG3RQPzvZk7alIVjcCg,theMITmonk,TiUTd3Tpi3E,If You Want To Get Things Done Trap Yourself,,2025-12-06T19:00:35Z,,22,PT45S,hd,false,True,rectangular,22349,637,10,0
https://www.youtube.com/@theMITmonk,UC4ZVkG3RQPzvZk7alIVjcCg,theMITmonk,eFxsOWTShw8,The Top 1% Of AI Users Understand This,,2025-12-05T19:00:53Z,,22,PT46S,hd,false,True,rectangular,14724,399,15,0
https://www.youtube.com/@theMITmonk,UC4ZVkG3RQPzvZk7alIVjcCg,theMITmonk,IWdvG9Up8Mc,How I’d Build a 1-Person AI Business (0 to $1M+),"The first billion-dollar solo business is coming, and AI is what makes it possible. In this video, I break down the exact path a single founder can take to build a highly profitable AI-powered business by 2026.

From avoiding the mistakes that kill most startups to mastering the Founder’s Triangle, setting up your core business functions using the DREAM framework, and building moats that keep competitors out — this is a complete roadmap for turning one person and AI into a multi-million-dollar machine.

If you want a clear, realistic blueprint for launching an AI-driven business, this is where to start.

00:00 — The Rise of AI-Powered Solo Businesses
00:38 — The Most Common Startup Mistakes (and how to avoid them)
01:54 — The Founder’s Triangle: Skill → Market → Leverage
04:37 — Building the AI Business Machine (DREAM Framework)
06:28 — Real-World AI Business Models You Can Start Today
09:16 — How to Build Moats That AI Can’t Destroy
12:59 — The Mindset You Need to Win in an AI-Driven World",2025-12-05T14:00:38Z,,22,PT14M8S,hd,false,True,rectangular,453227,17916,954,0
https://www.youtube.com/@theMITmonk,UC4ZVkG3RQPzvZk7alIVjcCg,theMITmonk,211XDh42V8A,How To Make AI Sound Like You,,2025-12-04T19:00:02Z,,22,PT43S,hd,false,True,rectangular,16652,429,7,0
https://www.youtube.com/@theMITmonk,UC4ZVkG3RQPzvZk7alIVjcCg,theMITmonk,sTj1npvX-NA,How To  Learn Faster Than 99% of People,,2025-12-03T19:01:02Z,,22,PT46S,hd,false,True,rectangular,169186,6620,42,0
https://www.youtube.com/@theMITmonk,UC4ZVkG3RQPzvZk7alIVjcCg,theMITmonk,HCYLZegc_R8,Imposter Syndrome Makes You A Better Leader,,2025-12-02T19:00:16Z,,22,PT40S,hd,false,True,rectangular,24414,619,5,0
https://www.youtube.com/@theMITmonk,UC4ZVkG3RQPzvZk7alIVjcCg,theMITmonk,-eE5_knxm70,The Best Way To Get Started With AI,,2025-12-01T19:00:00Z,,22,PT48S,hd,false,True,rectangular,17370,508,9,0
https://www.youtube.com/@theMITmonk,UC4ZVkG3RQPzvZk7alIVjcCg,theMITmonk,NRZW98uy2aM,MIT Has a Crazy Way To Test Student's Abilities,,2025-11-30T19:00:18Z,,22,PT47S,hd,false,True,rectangular,182847,3090,22,0
https://www.youtube.com/@theMITmonk,UC4ZVkG3RQPzvZk7alIVjcCg,theMITmonk,kvxXEmUIQLA,The Secret Behind All Grand Inventions,,2025-11-29T19:00:56Z,,22,PT53S,hd,false,True,rectangular,23865,760,8,0
https://www.youtube.com/@theMITmonk,UC4ZVkG3RQPzvZk7alIVjcCg,theMITmonk,b-4xkqfk_qk,You Need To Learn Machine English,,2025-11-28T19:00:45Z,,22,PT46S,hd,false,True,rectangular,11668,326,5,0
https://www.youtube.com/@theMITmonk,UC4ZVkG3RQPzvZk7alIVjcCg,theMITmonk,HwwqlLJAZhM,How To Manage Your Time Like a CEO,"In this video, I break down how the top 1% manage time, not with calendars and hacks, but by rewiring how their brain allocates attention. As a CEO, board member, and investor, I’ve seen firsthand that high performers don’t manage time, they manage focus.

I introduce the “Three, Two, One” system:
Three roles — Maker, Marker, Multiplier.
Two states — peacetime and wartime.
One non-negotiable that moves your life forward every day.

You’ll see how leaders like Taylor Swift and CEOs like Jack Dorsey shift their systems depending on their season, and why the real skill isn’t time management, but trust management.

If you want to operate at a top-1% level, this is where it starts.

00:00 Introduction: Rewiring Your Brain for Productivity
00:35 The Key Question: Why Do Top Performers Excel?
01:19 The 3-2-1 System: An Overview
02:35 Role 1: The Maker
03:27 Role 2: The Marker
04:44 Role 3: The Multiplier
06:17 The Two Zones: Wartime vs. Peacetime
08:45 The One Non-Negotiable: Focus on What Only You Can Do
11:22 Trust Management: The Secret to Effective Delegation
13:42 Conclusion: Applying the 3-2-1 System in Your Life",2025-11-28T14:00:36Z,,22,PT13M43S,hd,false,True,rectangular,855950,30643,906,0
https://www.youtube.com/@theMITmonk,UC4ZVkG3RQPzvZk7alIVjcCg,theMITmonk,XGenQyfjH2g,How To Own The Room,,2025-11-27T19:00:40Z,,22,PT34S,hd,false,True,rectangular,19905,677,12,0
https://www.youtube.com/@theMITmonk,UC4ZVkG3RQPzvZk7alIVjcCg,theMITmonk,Hxu4bVuKbhY,"Collect Trust, Not Credit",,2025-11-26T19:00:20Z,,22,PT55S,hd,false,True,rectangular,12160,394,2,0
https://www.youtube.com/@theMITmonk,UC4ZVkG3RQPzvZk7alIVjcCg,theMITmonk,Cqn4Wa9dK54,Your Presence Speaks Louder Than Words,,2025-11-25T19:00:12Z,,22,PT55S,hd,false,True,rectangular,23809,838,9,0
https://www.youtube.com/@theMITmonk,UC4ZVkG3RQPzvZk7alIVjcCg,theMITmonk,kodxN8Fh8eA,Is Robinhood Evil?,,2025-11-24T19:00:57Z,,22,PT43S,hd,false,True,rectangular,12865,283,4,0
https://www.youtube.com/@theMITmonk,UC4ZVkG3RQPzvZk7alIVjcCg,theMITmonk,TKaXe6cv30Q,How Does Reddit Work?,,2025-11-23T19:00:28Z,,22,PT49S,hd,false,True,rectangular,12838,365,5,0
https://www.youtube.com/@theMITmonk,UC4ZVkG3RQPzvZk7alIVjcCg,theMITmonk,ZV-4OfEus4k,Ranking Self-Improvement Habits,,2025-11-22T19:00:29Z,,22,PT54S,hd,false,True,rectangular,29608,1314,20,0
https://www.youtube.com/@theMITmonk,UC4ZVkG3RQPzvZk7alIVjcCg,theMITmonk,4B1hPp0YyKY,Don't Explain. Decide,,2025-11-21T19:00:10Z,,22,PT49S,hd,false,True,rectangular,114171,3789,48,0
https://www.youtube.com/@theMITmonk,UC4ZVkG3RQPzvZk7alIVjcCg,theMITmonk,6bc5H4CtC9w,The Laziest Way to Make Money With AI (No Code),"In this video, I’m calling out one of the biggest AI myths: using a few cool apps won’t magically transform your business. As a CEO and investor in billion-dollar AI companies, I’ll show you what actually works, building an AI-powered flywheel that generates leads, closes deals, delivers products, and runs on its own.

I’ll walk you through the full AI-driven workflow I use to power that system end-to-end: from finding laser-targeted prospects, enriching data, following up automatically, managing bookings, creating visuals, controlling pipelines, handling payments, delivering digital products, and linking everything together so it runs seamlessly.

By the end, you’ll see how to turn AI from a hobby into a real operational engine — a system that keeps growing even when you’re offline.",2025-11-21T18:08:46Z,,22,PT16M19S,hd,false,True,rectangular,402158,15353,499,0
https://www.youtube.com/@theMITmonk,UC4ZVkG3RQPzvZk7alIVjcCg,theMITmonk,4xhlHWS6WaA,How To Make People Remember You,,2025-11-20T19:00:04Z,,22,PT51S,hd,false,True,rectangular,19058,652,6,0
https://www.youtube.com/@theMITmonk,UC4ZVkG3RQPzvZk7alIVjcCg,theMITmonk,YyeQNFl9S6k,My Favorite Daily AI Hack,,2025-11-19T19:00:44Z,,22,PT44S,hd,false,True,rectangular,57270,2078,21,0
https://www.youtube.com/@theMITmonk,UC4ZVkG3RQPzvZk7alIVjcCg,theMITmonk,MxbtLGOds4s,The Apple Betrayal,,2025-11-18T19:00:32Z,,22,PT58S,hd,false,True,rectangular,27747,547,8,0
https://www.youtube.com/@theMITmonk,UC4ZVkG3RQPzvZk7alIVjcCg,theMITmonk,DulmgcHxwFc,The Worst Career Advice Ever,,2025-11-17T19:00:15Z,,22,PT45S,hd,false,True,rectangular,26371,735,7,0
https://www.youtube.com/@theMITmonk,UC4ZVkG3RQPzvZk7alIVjcCg,theMITmonk,7zc4dsmarl4,This Bad Habit Is Killing Your Executive Presence,,2025-11-16T19:00:05Z,,22,PT52S,hd,false,True,rectangular,29342,805,8,0
https://www.youtube.com/@theMITmonk,UC4ZVkG3RQPzvZk7alIVjcCg,theMITmonk,ru9x_ao-g8E,Allow Yourself To Be Disliked,,2025-11-15T19:00:50Z,,22,PT48S,hd,false,True,rectangular,28394,1219,15,0
https://www.youtube.com/@theMITmonk,UC4ZVkG3RQPzvZk7alIVjcCg,theMITmonk,NZP8EmPwuD8,Do You Need A Plan To Make Money With AI?,,2025-11-14T19:00:33Z,,22,PT52S,hd,false,True,rectangular,21566,776,8,0
https://www.youtube.com/@theMITmonk,UC4ZVkG3RQPzvZk7alIVjcCg,theMITmonk,p3F-1QyvHnY,Success Is Hard Until You Build Systems Like This,"In this video, I’m breaking down the exact principles that helped me go from being homeless to becoming a multi-millionaire investor and advisor to billion-dollar tech companies. And it’s not what most people think. Success isn’t about grinding harder or having superhuman discipline; it’s about building systems that make progress automatic.

I’ll walk you through the five core principles that changed everything for me: outsourcing decisions so you stop relying on motivation, trapping yourself into commitments that guarantee action, using willpower strategically, thinking in mental algorithms, and ultimately becoming the system that drives your own success. You’ll see how simple tools like checklists, forced constraints, and consistent rhythms can remove friction and push you forward without burning out.

If you’re ready to reshape your habits, level up your thinking, and build a life that compounds upward, this video is for you. Subscribe for more real conversations about growth, resilience, and creating success on your own terms.",2025-11-14T14:01:25Z,,22,PT14M1S,hd,false,True,rectangular,1700437,75929,1647,0
https://www.youtube.com/@theMITmonk,UC4ZVkG3RQPzvZk7alIVjcCg,theMITmonk,V_eTb1WfQLM,How To Ruin Your Career In Your 20s,,2025-11-12T19:00:27Z,,22,PT47S,hd,false,True,rectangular,31288,938,15,0
https://www.youtube.com/@theMITmonk,UC4ZVkG3RQPzvZk7alIVjcCg,theMITmonk,HVuvxa5adg0,How I Lost 40% of My Net Worth,,2025-11-11T19:00:24Z,,22,PT47S,hd,false,True,rectangular,56121,1058,17,0
https://www.youtube.com/@theMITmonk,UC4ZVkG3RQPzvZk7alIVjcCg,theMITmonk,-JSrfgZjZg0,Slowness is a Superpower,,2025-11-10T19:00:01Z,,22,PT43S,hd,false,True,rectangular,16724,526,6,0
https://www.youtube.com/@theMITmonk,UC4ZVkG3RQPzvZk7alIVjcCg,theMITmonk,EWFFaKxsz_s,You’re Not Behind (Yet): How to Learn AI in 17 Minutes,"Most people struggle with AI because they treat it like a gadget, not a thinking partner. In this video, I break down why that happens and walk you through a clear 7-step system to master AI in just 30 days, even if you’re starting from complete zero. You’ll learn how to use the AIM and MAAP frameworks to structure your thinking, and how to write prompts that consistently produce high-quality, natural, and personalized outputs using Chain of Thought, Verifier, and Refinement patterns.

By the end, you won’t just “use” AI, you’ll think with it. You’ll be able to generate context-rich insights, communicate faster, and produce work that reflects your own voice and style. If you’ve ever felt like AI responses are generic or flat, this is your turning point.",2025-11-10T14:00:33Z,,22,PT17M22S,hd,false,True,rectangular,2711573,105236,2504,0
https://www.youtube.com/@theMITmonk,UC4ZVkG3RQPzvZk7alIVjcCg,theMITmonk,i7Qr_3tfbDE,Comfort Is Quietly Killing You,,2025-11-09T19:00:40Z,,22,PT52S,hd,false,True,rectangular,43414,1774,19,0
https://www.youtube.com/@theMITmonk,UC4ZVkG3RQPzvZk7alIVjcCg,theMITmonk,MOdxurWLFpc,The Figma IPO,,2025-11-08T19:00:19Z,,22,PT54S,hd,false,True,rectangular,19786,410,3,0
https://www.youtube.com/@theMITmonk,UC4ZVkG3RQPzvZk7alIVjcCg,theMITmonk,AoPv8gSuSZE,You Are Not Broken,,2025-11-07T19:00:22Z,,22,PT40S,hd,false,True,rectangular,11661,438,4,0
https://www.youtube.com/@theMITmonk,UC4ZVkG3RQPzvZk7alIVjcCg,theMITmonk,SY4qM15q9tc,The Shortcut to 10x Your Career,,2025-11-06T19:00:29Z,,22,PT55S,hd,false,True,rectangular,121709,4459,66,0
https://www.youtube.com/@theMITmonk,UC4ZVkG3RQPzvZk7alIVjcCg,theMITmonk,WxFujiaexy4,The Most Important Thing To Progress Faster,,2025-11-05T19:00:36Z,,22,PT45S,hd,false,True,rectangular,14684,564,3,0
https://www.youtube.com/@theMITmonk,UC4ZVkG3RQPzvZk7alIVjcCg,theMITmonk,nuF653LcyE0,The 1% Rule,,2025-11-04T19:00:50Z,,22,PT47S,hd,false,True,rectangular,72437,2792,21,0
https://www.youtube.com/@theMITmonk,UC4ZVkG3RQPzvZk7alIVjcCg,theMITmonk,xytuTbDeou8,System 1 vs System 2,,2025-11-03T18:01:13Z,,22,PT40S,hd,false,True,rectangular,26016,667,10,0
https://www.youtube.com/@theMITmonk,UC4ZVkG3RQPzvZk7alIVjcCg,theMITmonk,gsddHd5-xDU,No One Writes Anymore,,2025-11-01T18:00:44Z,,22,PT36S,hd,false,True,rectangular,15332,682,11,0
https://www.youtube.com/@theMITmonk,UC4ZVkG3RQPzvZk7alIVjcCg,theMITmonk,k9FwlxJL9kc,Your Identity Is Like A Snake Skin,,2025-10-31T18:00:54Z,,22,PT46S,hd,false,True,rectangular,4907,227,2,0
https://www.youtube.com/@theMITmonk,UC4ZVkG3RQPzvZk7alIVjcCg,theMITmonk,WrTKDJPyfU0,Everything I Learned at MIT (That Made Me a Multimillionaire),"MIT didn’t just teach me engineering; it taught me how to think, lead, and win under pressure. In this video, I’m sharing the five core principles I learned at MIT that helped me grow into a multimillionaire CEO, board member, and investor.

From legendary engineering pranks to high-pressure “fire hose” tests, I’ll break down how those lessons shaped the way I solve problems, make fast decisions, and lead with empathy.

If you want to learn faster, think sharper, and lead like a pro, this one’s for you.",2025-10-31T13:01:17Z,,22,PT14M36S,hd,false,True,rectangular,932635,29459,876,0
https://www.youtube.com/@theMITmonk,UC4ZVkG3RQPzvZk7alIVjcCg,theMITmonk,slzmVHd6V8U,Learn To Quit Faster,,2025-10-30T18:00:59Z,,22,PT52S,hd,false,True,rectangular,15615,714,8,0
https://www.youtube.com/@theMITmonk,UC4ZVkG3RQPzvZk7alIVjcCg,theMITmonk,2A0wai8DbQM,Build Your Network,,2025-10-29T18:00:06Z,,22,PT57S,hd,false,True,rectangular,9332,350,4,0
https://www.youtube.com/@theMITmonk,UC4ZVkG3RQPzvZk7alIVjcCg,theMITmonk,JnxysrGwSUE,Being Bored Is the Answer,,2025-10-28T18:00:33Z,,22,PT44S,hd,false,True,rectangular,3909,141,0,0
https://www.youtube.com/@theMITmonk,UC4ZVkG3RQPzvZk7alIVjcCg,theMITmonk,hnSm7zlqSns,Multitasking Is Holding You Back,,2025-10-27T18:00:52Z,,22,PT40S,hd,false,True,rectangular,2521,61,1,0
https://www.youtube.com/@theMITmonk,UC4ZVkG3RQPzvZk7alIVjcCg,theMITmonk,-k7WVcu3LF4,AI & Fake News,,2025-10-26T18:00:00Z,,22,PT56S,hd,false,True,rectangular,2244,50,5,0
https://www.youtube.com/@theMITmonk,UC4ZVkG3RQPzvZk7alIVjcCg,theMITmonk,iRQ-p_C391c,The Most Successful People Are Anxious,,2025-10-25T18:00:41Z,,22,PT34S,hd,false,True,rectangular,10315,361,2,0
https://www.youtube.com/@theMITmonk,UC4ZVkG3RQPzvZk7alIVjcCg,theMITmonk,qUuH7BTcWRk,"You’re Not Lazy, It’s This",,2025-10-24T18:01:03Z,,22,PT42S,hd,false,True,rectangular,2860,92,2,0
https://www.youtube.com/@theMITmonk,UC4ZVkG3RQPzvZk7alIVjcCg,theMITmonk,F4KNxI75Qr4,The AI Bias,,2025-10-23T18:00:19Z,,22,PT47S,hd,false,True,rectangular,4208,95,1,0
https://www.youtube.com/@theMITmonk,UC4ZVkG3RQPzvZk7alIVjcCg,theMITmonk,vRGLz5GAyRI,The Dangerous AI Race,,2025-10-22T18:01:00Z,,22,PT52S,hd,false,True,rectangular,12953,298,2,0
https://www.youtube.com/@theMITmonk,UC4ZVkG3RQPzvZk7alIVjcCg,theMITmonk,DOkNcv8DBsk,AI Is Destroying Our Brains,,2025-10-21T18:00:15Z,,22,PT46S,hd,false,True,rectangular,15152,430,7,0
https://www.youtube.com/@theMITmonk,UC4ZVkG3RQPzvZk7alIVjcCg,theMITmonk,fHlDE6KF254,How 'House Of Cards' Was Made,,2025-10-20T18:00:43Z,,22,PT44S,hd,false,True,rectangular,6842,112,3,0
https://www.youtube.com/@theMITmonk,UC4ZVkG3RQPzvZk7alIVjcCg,theMITmonk,jH-b6HQvWK4,There’s No “Hack” For Character,,2025-10-19T18:00:42Z,,22,PT32S,hd,false,True,rectangular,3826,127,0,0
https://www.youtube.com/@theMITmonk,UC4ZVkG3RQPzvZk7alIVjcCg,theMITmonk,oAVEThK-BpQ,The Secret of Great Performers,,2025-10-18T18:00:48Z,,22,PT49S,hd,false,True,rectangular,14055,255,2,0
https://www.youtube.com/@theMITmonk,UC4ZVkG3RQPzvZk7alIVjcCg,theMITmonk,MF4EhDuwoN0,The Black Box Problem,,2025-10-17T18:00:32Z,,22,PT52S,hd,false,True,rectangular,11018,168,7,0
https://www.youtube.com/@theMITmonk,UC4ZVkG3RQPzvZk7alIVjcCg,theMITmonk,cvIdPMmuptU,How To Speak Like A Billion-Dollar CEO,"In this video, I walk you through the five communication skills the top 1% of leaders use to command respect and authority — the same ones I’ve used to level up every room I walk into. You’ll see why over-explaining actually chips away at your confidence, how filler words erode your presence, and how your posture and body language signal power (or weakness) before you even speak. I’ll also break down storytelling frameworks I use in client calls and pitches, and why shifting from “I” to “we” can turn you from just another speaker into someone people feel seen and invested in.

If you want to show up like a leader, earn trust from your team, investors, or audience, this is your blueprint.",2025-10-17T13:01:17Z,,22,PT14M13S,hd,false,True,rectangular,825252,28633,497,0
https://www.youtube.com/@theMITmonk,UC4ZVkG3RQPzvZk7alIVjcCg,theMITmonk,uf5qbMX8hs4,The Most Important Skill,,2025-10-16T18:01:01Z,,22,PT36S,hd,false,True,rectangular,2279,94,2,0
https://www.youtube.com/@theMITmonk,UC4ZVkG3RQPzvZk7alIVjcCg,theMITmonk,rsFdpa7Lt-Y,We're SO Unprepared,,2025-10-15T18:01:14Z,,22,PT37S,hd,false,True,rectangular,4380,95,0,0
https://www.youtube.com/@theMITmonk,UC4ZVkG3RQPzvZk7alIVjcCg,theMITmonk,8vtJtJSsF0s,The S.T.O.P. Framework,,2025-10-14T18:00:08Z,,22,PT46S,hd,false,True,rectangular,1972,96,1,0
https://www.youtube.com/@theMITmonk,UC4ZVkG3RQPzvZk7alIVjcCg,theMITmonk,MEesEerjdmg,Wait For The Next Wave,,2025-10-13T18:00:17Z,,22,PT53S,hd,false,True,rectangular,1467,53,0,0
https://www.youtube.com/@theMITmonk,UC4ZVkG3RQPzvZk7alIVjcCg,theMITmonk,AE7Vaa5fkpI,Success is like Physics,,2025-10-12T18:00:10Z,,22,PT46S,hd,false,True,rectangular,3056,153,2,0
https://www.youtube.com/@theMITmonk,UC4ZVkG3RQPzvZk7alIVjcCg,theMITmonk,jsSYTw-8WWc,My Friend's Face Went Numb,,2025-10-11T18:00:50Z,,22,PT37S,hd,false,True,rectangular,2761,57,0,0
https://www.youtube.com/@theMITmonk,UC4ZVkG3RQPzvZk7alIVjcCg,theMITmonk,p1bjg0OiSkI,Design Your Life Like a Portfolio,,2025-10-10T18:00:52Z,,22,PT43S,hd,false,True,rectangular,3320,131,3,0
https://www.youtube.com/@theMITmonk,UC4ZVkG3RQPzvZk7alIVjcCg,theMITmonk,9jy3wS9I1O4,5 Brutally Honest TRUTHS That Gave me an Unfair Advantage in My 20s,"Most people waste their twenties without realizing it, and it costs them years of success. In this video, I break down the five biggest mistakes that can destroy your twenties and share how I went from being homeless to an MIT graduate and multimillionaire entrepreneur.

You’ll learn why “follow your passion” can backfire, how impatience kills wealth, why mentors matter more than you think, and how to escape the comfort zone and emotional traps holding you back.

Watch this before you waste another year of your twenties.",2025-10-10T13:00:19Z,,22,PT15M24S,hd,false,True,rectangular,118305,5503,170,0
https://www.youtube.com/@theMITmonk,UC4ZVkG3RQPzvZk7alIVjcCg,theMITmonk,Nm4itaNNsdU,The Myth of Constant Self-Improvement,,2025-10-09T18:00:24Z,,22,PT49S,hd,false,True,rectangular,4269,302,4,0
https://www.youtube.com/@theMITmonk,UC4ZVkG3RQPzvZk7alIVjcCg,theMITmonk,MAvMgtmOVAA,How They Lost $42 Billion,,2025-10-08T18:00:31Z,,22,PT59S,hd,false,True,rectangular,3080,84,2,0
https://www.youtube.com/@theMITmonk,UC4ZVkG3RQPzvZk7alIVjcCg,theMITmonk,F2XPmYpxdTM,Stop Trying To Sound Smart,,2025-10-07T18:00:13Z,,22,PT30S,hd,false,True,rectangular,1944,73,2,0
https://www.youtube.com/@theMITmonk,UC4ZVkG3RQPzvZk7alIVjcCg,theMITmonk,5YNTsLkMW6s,The 70% Rule,,2025-10-06T18:00:06Z,,22,PT19S,hd,false,True,rectangular,7007,180,2,0
https://www.youtube.com/@theMITmonk,UC4ZVkG3RQPzvZk7alIVjcCg,theMITmonk,ziZZj8HAmbU,Stop Following Your Passion,,2025-10-05T18:00:52Z,,22,PT41S,hd,false,True,rectangular,6025,264,5,0
https://www.youtube.com/@theMITmonk,UC4ZVkG3RQPzvZk7alIVjcCg,theMITmonk,922jUQpWsW4,Your New Personal Assistant,,2025-10-04T18:00:08Z,,22,PT43S,hd,false,True,rectangular,1910,88,1,0
https://www.youtube.com/@theMITmonk,UC4ZVkG3RQPzvZk7alIVjcCg,theMITmonk,ALphyd6sfv4,I Was Wrong...,,2025-10-03T18:00:14Z,,22,PT50S,hd,false,True,rectangular,2263,88,3,0
https://www.youtube.com/@theMITmonk,UC4ZVkG3RQPzvZk7alIVjcCg,theMITmonk,sAx0PPZ6E_U,Watch This for 13 Minutes and You'll Outperform 99% of People,"In this video, a successful CEO shares his transformative journey from homelessness to becoming a monk and eventually a CEO. He reveals five powerful methods that helped him achieve incredible success: learning when to quit, fostering intrinsic motivation, seeking discomfort, leveraging powerful networks, and shedding limiting identities.

Each method is illustrated with personal anecdotes and practical tips to help viewers progress faster, be more successful, and outperform those around them. Discover how to apply these strategies to transform your life and accelerate your growth.",2025-10-03T13:01:55Z,,22,PT12M27S,hd,false,True,rectangular,280321,10179,284,0
https://www.youtube.com/@theMITmonk,UC4ZVkG3RQPzvZk7alIVjcCg,theMITmonk,eoptpijMChk,The Digital Divide,,2025-10-02T18:00:40Z,,22,PT30S,hd,false,True,rectangular,4231,123,3,0
https://www.youtube.com/@theMITmonk,UC4ZVkG3RQPzvZk7alIVjcCg,theMITmonk,gBj0NNSNrSU,Advice From A CEO,,2025-10-01T18:00:48Z,,22,PT48S,hd,false,True,rectangular,6499,270,3,0
https://www.youtube.com/@theMITmonk,UC4ZVkG3RQPzvZk7alIVjcCg,theMITmonk,kNaVDJr4KfQ,Secret of Winning Athletes,,2025-09-30T18:00:45Z,,22,PT44S,hd,false,True,rectangular,7148,280,4,0
https://www.youtube.com/@theMITmonk,UC4ZVkG3RQPzvZk7alIVjcCg,theMITmonk,DTPlpb8KbGM,AI Is Taking These Jobs,,2025-09-28T18:00:25Z,,22,PT50S,hd,false,True,rectangular,5771,217,10,0
https://www.youtube.com/@theMITmonk,UC4ZVkG3RQPzvZk7alIVjcCg,theMITmonk,A9btqUiVFzE,You Have to Move,,2025-09-27T18:00:09Z,,22,PT48S,hd,false,True,rectangular,9143,641,12,0
https://www.youtube.com/@theMITmonk,UC4ZVkG3RQPzvZk7alIVjcCg,theMITmonk,LDSPRjOLIAU,Your Brain Wasn’t Built for This,,2025-09-26T18:00:32Z,,22,PT39S,hd,false,True,rectangular,3700,143,1,0
https://www.youtube.com/@theMITmonk,UC4ZVkG3RQPzvZk7alIVjcCg,theMITmonk,80eLPaLOEXg,How Living a Slow and Boring Life Made Me a Millionaire,"In this video, a successful CEO shares his journey from homelessness in Mumbai to becoming a millionaire in New York by embracing slowness. He explains five key strategies to improve productivity by slowing down: escaping the productivity prison, engaging the brain's slow thinking system, prioritizing deep work over shallow sprints, mastering the long game, and knowing when to move slowly. Each strategy combines practical tips and real-life examples to help viewers increase their focus, efficiency, and ultimately success.",2025-09-26T13:00:30Z,,22,PT11M6S,hd,false,True,rectangular,86742,3118,75,0
https://www.youtube.com/@theMITmonk,UC4ZVkG3RQPzvZk7alIVjcCg,theMITmonk,Ku4xzWR6klc,Why Most People Misuse Smart Tools,,2025-09-25T18:00:30Z,,22,PT36S,hd,false,True,rectangular,7176,279,2,0
https://www.youtube.com/@theMITmonk,UC4ZVkG3RQPzvZk7alIVjcCg,theMITmonk,EOXPXzrSvlk,Does Luck Matter?,,2025-09-24T18:00:14Z,,22,PT48S,hd,false,True,rectangular,6238,195,3,0
https://www.youtube.com/@theMITmonk,UC4ZVkG3RQPzvZk7alIVjcCg,theMITmonk,NTxAsTFRqIc,The CRAFT Framework,,2025-09-23T18:00:19Z,,22,PT52S,hd,false,True,rectangular,2993,96,1,0
https://www.youtube.com/@theMITmonk,UC4ZVkG3RQPzvZk7alIVjcCg,theMITmonk,l_pkFO0DbUY,Fastest Way To Your DREAM JOB,,2025-09-22T18:00:47Z,,22,PT46S,hd,false,True,rectangular,3093,114,1,0
https://www.youtube.com/@theMITmonk,UC4ZVkG3RQPzvZk7alIVjcCg,theMITmonk,37HV2s5BtU0,Don't Blindly Trust AI,,2025-09-20T18:00:05Z,,22,PT25S,hd,false,True,rectangular,2929,62,2,0
https://www.youtube.com/@theMITmonk,UC4ZVkG3RQPzvZk7alIVjcCg,theMITmonk,TUq2d1NA7-U,"The World Needs AI, But There's a Problem…","In this video, a seasoned AI expert with 20 years of experience as a CEO, board member, and investor discusses the five significant problems associated with AI that you need to be aware of to navigate its complexities. The video delves into AI's 'black box' problem, its inherent bias, its impact on human cognition, its potential to distort the truth, and the unstoppable arms race among leading AI companies. Insights are shared on how to mitigate these challenges and stay resilient in an AI-dominated world.

00:00 Introduction: The Importance and Challenges of AI
00:22 The Black Box Problem: Understanding AI's Inner Workings
02:58 AI Bias: The Fastest Growing Problem
05:28 AI's Impact on Human Cognition
07:51 The Truth Crisis: AI and Misinformation
10:22 The AI Arms Race: Global Competition and Risks
13:02 Conclusion: Navigating the Future of AI",2025-09-19T13:01:03Z,,22,PT13M52S,hd,false,True,rectangular,15227,622,53,0
https://www.youtube.com/@theMITmonk,UC4ZVkG3RQPzvZk7alIVjcCg,theMITmonk,nzg6_mAEiX0,70% of People Feel This,,2025-09-18T18:00:49Z,,22,PT38S,hd,false,True,rectangular,2821,91,1,0
https://www.youtube.com/@theMITmonk,UC4ZVkG3RQPzvZk7alIVjcCg,theMITmonk,eTqibKw1Z84,Success Is a Subtraction Game,,2025-09-16T18:00:43Z,,22,PT42S,hd,false,True,rectangular,7733,342,7,0
https://www.youtube.com/@theMITmonk,UC4ZVkG3RQPzvZk7alIVjcCg,theMITmonk,YbwFEjcV1f4,The Portfolio Theory,,2025-09-14T18:00:36Z,,22,PT38S,hd,false,True,rectangular,4703,158,2,0
https://www.youtube.com/@theMITmonk,UC4ZVkG3RQPzvZk7alIVjcCg,theMITmonk,AOUtfklSndY,School Trains You To Lose,,2025-09-12T18:00:19Z,,22,PT42S,hd,false,True,rectangular,2781,129,3,0
https://www.youtube.com/@theMITmonk,UC4ZVkG3RQPzvZk7alIVjcCg,theMITmonk,MUOMf4c5Xe8,How To Future-Proof Yourself In The Age of AI,"In this video, Sandeep unpacks how to future-proof your life in the age of AI. Drawing on 25 years of experience as a tech CEO, investor, and board member, he explores why the skills that set humans apart—like asking better questions, earning trust, making tough calls under uncertainty, and reinventing yourself—are more critical than ever. Instead of competing with machines, you’ll discover how to double down on what makes you uniquely human and position yourself to thrive no matter how fast technology evolves.",2025-09-12T13:00:53Z,,22,PT12M37S,hd,false,True,rectangular,7109,286,7,0
https://www.youtube.com/@theMITmonk,UC4ZVkG3RQPzvZk7alIVjcCg,theMITmonk,vUn_RUTFmxU,You’re Not Too Late,,2025-09-10T21:42:49Z,,22,PT48S,hd,false,True,rectangular,10531,292,2,0
https://www.youtube.com/@theMITmonk,UC4ZVkG3RQPzvZk7alIVjcCg,theMITmonk,xm56Z4nvz6w,Your First Idea Will Suck — Start Anyway,,2025-09-06T18:00:56Z,,22,PT38S,hd,false,True,rectangular,2252,51,2,0
https://www.youtube.com/@theMITmonk,UC4ZVkG3RQPzvZk7alIVjcCg,theMITmonk,ePkhOdKElYo,Why You Feel So Stuck In Life & How To Find Success,"In this video, Sandeep breaks down five surprising disciplines to uncover unconventional lessons about success. Along the way, he shares personal stories from his life as a monk to boardroom lessons that reveal how doubt, failure, and even walking away can shape a more meaningful path. If you’ve ever felt pressured by the success of everyone around this, this perspective offers something deeper: practical, timeless principles to help you tilt the odds, design for failure, and build success on your own terms.",2025-09-05T13:01:25Z,,22,PT14M46S,hd,false,True,rectangular,47648,1941,60,0
https://www.youtube.com/@theMITmonk,UC4ZVkG3RQPzvZk7alIVjcCg,theMITmonk,zyqWnHUbgco,How He Made $30M With AI,,2025-09-04T18:01:05Z,,22,PT54S,hd,false,True,rectangular,3195,125,0,0
https://www.youtube.com/@theMITmonk,UC4ZVkG3RQPzvZk7alIVjcCg,theMITmonk,aNR3vhbTjwA,To-Do-Lists,,2025-09-02T18:00:01Z,,22,PT32S,hd,false,True,rectangular,2670,104,1,0
https://www.youtube.com/@theMITmonk,UC4ZVkG3RQPzvZk7alIVjcCg,theMITmonk,cbeY5kdQqEk,The Problem with Being Too Smart,,2025-08-31T18:00:38Z,,22,PT35S,hd,false,True,rectangular,4716,125,1,0
https://www.youtube.com/@theMITmonk,UC4ZVkG3RQPzvZk7alIVjcCg,theMITmonk,fZOc5NpSLTk,What Really Happens When You Stop Chasing What Doesn’t Matter,"In this video, Sandeep draws on his journey as a monk, MIT graduate, and multi-millionaire CEO to share five life-changing lessons on success, fulfillment, and meaning. Through powerful stories, he reveals why visible wealth isn’t always true value, how a growth mindset can become a trap, and why mastering today is more important than chasing tomorrow. Sandeep also unpacks the art of giving feedback that connects instead of criticizes, and shows how curiosity becomes the ultimate compass when plans fall apart. This is a blueprint for anyone chasing growth but searching for something deeper.",2025-08-29T13:01:25Z,,22,PT13M46S,hd,false,True,rectangular,34488,1396,60,0
https://www.youtube.com/@theMITmonk,UC4ZVkG3RQPzvZk7alIVjcCg,theMITmonk,MTlEhC-TnT0,5 Jobs Replaced by AI,,2025-08-28T18:00:32Z,,22,PT54S,hd,false,True,rectangular,2300,56,1,0
https://www.youtube.com/@theMITmonk,UC4ZVkG3RQPzvZk7alIVjcCg,theMITmonk,tl9lg8JB5gc,The Biggest Opportunity Right Now,,2025-08-27T18:31:20Z,,22,PT54S,hd,false,True,rectangular,4918,180,0,0
https://www.youtube.com/@theMITmonk,UC4ZVkG3RQPzvZk7alIVjcCg,theMITmonk,lIM1z1U-1zA,AI Agents EXPLAINED,,2025-08-26T15:01:30Z,,22,PT57S,hd,false,True,rectangular,2518,67,2,0
https://www.youtube.com/@theMITmonk,UC4ZVkG3RQPzvZk7alIVjcCg,theMITmonk,BxRIizERCtY,Why EVERYONE Is Talking About ChatGPT-5 (This Changes Everything),"In this video, Sandeep breaks down the major updates in ChatGPT-5, separating real breakthroughs from the hype and asking whether we should truly pay attention. He explores how these changes could shape the future of AI, what they mean for work and society, and why this moment might signal more than just another upgrade. From new capabilities to broader industry shifts, Sandeep explains what’s worth watching closely—and what’s likely to fade. If you want a clear, big-picture view of where AI is heading, this conversation will help you cut through the noise.",2025-08-22T14:33:32Z,,22,PT8M7S,hd,false,True,rectangular,30123,914,29,0
https://www.youtube.com/@theMITmonk,UC4ZVkG3RQPzvZk7alIVjcCg,theMITmonk,en9vOmZWGP0,How To Find A Mentor,,2025-08-19T15:01:12Z,,22,PT42S,hd,false,True,rectangular,1614,52,2,0
https://www.youtube.com/@theMITmonk,UC4ZVkG3RQPzvZk7alIVjcCg,theMITmonk,darwbP4H87g,Is Stealing Always Wrong?,,2025-08-17T15:00:56Z,,22,PT57S,hd,false,True,rectangular,1564,46,1,0
https://www.youtube.com/@theMITmonk,UC4ZVkG3RQPzvZk7alIVjcCg,theMITmonk,ABvK_4qKbCM,Do the same thing 1000 times,,2025-08-15T18:00:08Z,,22,PT55S,hd,false,True,rectangular,2148,71,1,0
https://www.youtube.com/@theMITmonk,UC4ZVkG3RQPzvZk7alIVjcCg,theMITmonk,0_DH2redi4o,This Industry Is Secretly Making People Rich,"In this episode, Sandeep Swadia uncovers a massive, fast-growing industry that’s been flying under the radar—one that could define the next decade of wealth creation. With his unique perspective as a monk, MIT grad, CEO, and AI strategist, he shares surprising stories, real-world examples, and the emerging trends that only a few are capitalizing on. This is a rare look into where the smartest innovators are placing their bets, and how you can position yourself before the world catches on.",2025-08-15T13:28:19Z,,22,PT10M49S,hd,false,True,rectangular,120052,5054,193,0
https://www.youtube.com/@theMITmonk,UC4ZVkG3RQPzvZk7alIVjcCg,theMITmonk,lGmjl1yshkA,The True Meaning of 'Guru',,2025-08-13T18:00:43Z,,22,PT50S,hd,false,True,rectangular,1709,45,0,0
https://www.youtube.com/@theMITmonk,UC4ZVkG3RQPzvZk7alIVjcCg,theMITmonk,ZTUs_RqrZxY,1 Minute and 42 Seconds Changed Everything,,2025-08-11T18:00:38Z,,22,PT1M,hd,false,True,rectangular,9813,397,6,0
https://www.youtube.com/@theMITmonk,UC4ZVkG3RQPzvZk7alIVjcCg,theMITmonk,HBf91TIkXVk,Serving Today Leads To Success Tomorrow,,2025-08-09T18:00:16Z,,22,PT36S,hd,false,True,rectangular,1647,42,2,0
https://www.youtube.com/@theMITmonk,UC4ZVkG3RQPzvZk7alIVjcCg,theMITmonk,6QpgqxmixHk,A Message From Your Future Self (The Help You Need),"In this video, Sandeep breaks down five powerful mentorship models from around the world—Greek, Indian, Sufi, Japanese, and Yoruba—and what each one can teach us about finding the right mentor. Drawing from both ancient traditions and personal experience, he explains how different cultures approach growth, guidance, and learning, and offers practical takeaways for anyone seeking direction in their life or career.",2025-08-08T13:00:18Z,,22,PT12M54S,hd,false,True,rectangular,24397,965,37,0
https://www.youtube.com/@theMITmonk,UC4ZVkG3RQPzvZk7alIVjcCg,theMITmonk,V4liZGKva8g,Give Me 3 Minutes and I'll Save You 10 Years of Suffering,"Give me 3 minutes—and I’ll show you why letting go is the most powerful thing you’ll ever do. In this video, I’m breaking down the one mindset shift that helped me release control, detach from outcomes, and finally start attracting the life I wanted. If you’re holding on too tight—to success, relationships, or identity—this is your wake-up call. Everything starts to change the moment you stop chasing.",2025-08-01T13:01:02Z,,22,PT3M17S,hd,false,True,rectangular,120351,6039,168,0
https://www.youtube.com/@theMITmonk,UC4ZVkG3RQPzvZk7alIVjcCg,theMITmonk,pYdpnzKO4Lo,7 High Income Habits,,2025-07-27T18:00:45Z,,22,PT35S,hd,false,True,rectangular,1836,67,0,0
https://www.youtube.com/@theMITmonk,UC4ZVkG3RQPzvZk7alIVjcCg,theMITmonk,ewb290gEC5Q,How To Read People,,2025-07-26T18:00:38Z,,22,PT57S,hd,false,True,rectangular,3810,138,0,0
https://www.youtube.com/@theMITmonk,UC4ZVkG3RQPzvZk7alIVjcCg,theMITmonk,PhN-S2b70U4,Become Immune To Any Virus,,2025-07-25T19:02:28Z,,22,PT44S,hd,false,True,rectangular,5529,173,6,0
https://www.youtube.com/@theMITmonk,UC4ZVkG3RQPzvZk7alIVjcCg,theMITmonk,_qgSB0F7X3c,Why You’re Working Hard But Still Falling Behind (Master These Skills),"If it feels like you're working harder than ever but still falling behind, this video is for you. Sandeep Swadia, former CEO and board member across several tech companies, shares the 7 high-income habits that transformed how he works, decides, and grows. Each habit is inspired by a legendary figure, from Jensen Huang to Jony Ive, and backed by neuroscience, psychology, and real-world experience. These are the internal skills top performers use to turn pressure into performance, chaos into clarity, and work into something that actually matters.",2025-07-25T13:01:18Z,,22,PT18M4S,hd,false,True,rectangular,82889,2915,69,0
https://www.youtube.com/@theMITmonk,UC4ZVkG3RQPzvZk7alIVjcCg,theMITmonk,6Par7l6-FFM,Secret Behind Chat GPT's Success,,2025-07-18T15:00:22Z,,22,PT36S,hd,false,True,rectangular,7529,109,3,0
https://www.youtube.com/@theMITmonk,UC4ZVkG3RQPzvZk7alIVjcCg,theMITmonk,K-BO54Jcae8,The TRUTH About Success,"From homeless in Mumbai, to monk, MIT grad, and multi-millionaire CEO—Sandeep shares the 6 cheat codes that changed everything and that he wishes he knew in his 20s. These aren’t feel-good quotes or recycled advice—they’re hard-earned lessons from building a life of meaning and impact. You’ll learn why passion isn’t enough, how persistence outpaces talent, and the mindset shifts that separate dreamers from doers. Whether you’re stuck, scaling, or searching for your next move, these cheat codes will help you build wealth, direction, and purpose.

This is a segment from a longer conversation where Sandeep breaks down all 20 cheat codes. You can catch the full version here: https://youtu.be/KEqmJ8pw1_4",2025-07-18T13:00:43Z,,22,PT7M43S,hd,false,True,rectangular,5993,192,9,0
https://www.youtube.com/@theMITmonk,UC4ZVkG3RQPzvZk7alIVjcCg,theMITmonk,6wtu4fM9Nng,Turn Anxiety into Your Superpower,,2025-07-17T15:00:16Z,,22,PT58S,hd,false,True,rectangular,1934,85,2,0
https://www.youtube.com/@theMITmonk,UC4ZVkG3RQPzvZk7alIVjcCg,theMITmonk,W4lXo9AxT3g,The 120 Hour Implosion,,2025-07-16T15:01:02Z,,22,PT59S,hd,false,True,rectangular,6856,74,0,0
https://www.youtube.com/@theMITmonk,UC4ZVkG3RQPzvZk7alIVjcCg,theMITmonk,MFxCfNgsDJY,Is This a Cancer Cure?,,2025-07-15T15:00:41Z,,22,PT57S,hd,false,True,rectangular,1194,34,0,0
https://www.youtube.com/@theMITmonk,UC4ZVkG3RQPzvZk7alIVjcCg,theMITmonk,VeCi7IIiKlY,The 70% Confidence Rule,,2025-07-14T16:27:49Z,,22,PT35S,hd,false,True,rectangular,13720,389,1,0
https://www.youtube.com/@theMITmonk,UC4ZVkG3RQPzvZk7alIVjcCg,theMITmonk,ZkTpEM3xwbs,This Company USED To Be A Non Profit,,2025-07-13T15:01:01Z,,22,PT59S,hd,false,True,rectangular,451,11,0,0
https://www.youtube.com/@theMITmonk,UC4ZVkG3RQPzvZk7alIVjcCg,theMITmonk,iJ9bSqK_zBQ,Costco's Flywheel,,2025-07-12T15:01:09Z,,22,PT58S,hd,false,True,rectangular,2963,97,1,0
https://www.youtube.com/@theMITmonk,UC4ZVkG3RQPzvZk7alIVjcCg,theMITmonk,m-kr21FdDvg,The Future of AI Is Here — What You NEED To Know,"A $300 billion company. A surprise Zoom firing. A five-day corporate meltdown. In this video, Sandeep unpacks the jaw-dropping story of how OpenAI nearly imploded—and what it teaches us about power, leadership, and the future of AI. As a former CEO and board advisor, Sandeep shares the deeper lessons hiding beneath the headlines: how mission and money collide, why relationships matter more than résumés, and what we can all learn from the human failures behind the machines. Whether you're building a business, navigating career shifts, or just trying to make sense of the AI arms race—this one’s for you.",2025-07-11T14:27:42Z,,22,PT20M3S,hd,false,True,rectangular,12747,335,24,0
https://www.youtube.com/@theMITmonk,UC4ZVkG3RQPzvZk7alIVjcCg,theMITmonk,0cKf97qiyA4,Costco's Counterintuitive Path to Success,,2025-07-10T15:00:05Z,,22,PT57S,hd,false,True,rectangular,5926,165,0,0
https://www.youtube.com/@theMITmonk,UC4ZVkG3RQPzvZk7alIVjcCg,theMITmonk,kM7CJCkbrXw,Relationship Advice,,2025-07-09T18:00:47Z,,22,PT58S,hd,false,True,rectangular,2045,106,0,0
https://www.youtube.com/@theMITmonk,UC4ZVkG3RQPzvZk7alIVjcCg,theMITmonk,crIkZQD19X8,The Cult You're Part Of,The Cult You're Part Of,2025-07-08T16:12:46Z,,22,PT54S,hd,false,True,rectangular,1394,26,0,0
https://www.youtube.com/@theMITmonk,UC4ZVkG3RQPzvZk7alIVjcCg,theMITmonk,9g34fiPB-fM,Take The Worst Job At the Best Company,,2025-07-07T15:00:15Z,,22,PT57S,hd,false,True,rectangular,9729,393,5,0
https://www.youtube.com/@theMITmonk,UC4ZVkG3RQPzvZk7alIVjcCg,theMITmonk,pHAIyBnFB1A,Find Someone Who...,,2025-07-06T15:01:20Z,,22,PT34S,hd,false,True,rectangular,1420,64,0,0
https://www.youtube.com/@theMITmonk,UC4ZVkG3RQPzvZk7alIVjcCg,theMITmonk,gF-HrNu-S8c,Principles Over Profit,,2025-07-05T15:01:12Z,,22,PT41S,hd,false,True,rectangular,6493,244,3,0
https://www.youtube.com/@theMITmonk,UC4ZVkG3RQPzvZk7alIVjcCg,theMITmonk,zApAWEI-R70,2 Paths to Power,,2025-07-03T18:01:10Z,,22,PT40S,hd,false,True,rectangular,4231,153,3,0
https://www.youtube.com/@theMITmonk,UC4ZVkG3RQPzvZk7alIVjcCg,theMITmonk,sCXUdAyQVuU,Question From a Monk,,2025-07-02T15:01:44Z,,22,PT51S,hd,false,True,rectangular,2606,90,0,0
https://www.youtube.com/@theMITmonk,UC4ZVkG3RQPzvZk7alIVjcCg,theMITmonk,qeNtoBHtTvI,3 Minutes That Changed My Life,,2025-07-01T15:01:43Z,,22,PT54S,hd,false,True,rectangular,4640,107,2,0
https://www.youtube.com/@theMITmonk,UC4ZVkG3RQPzvZk7alIVjcCg,theMITmonk,bQTGL4wvf9s,How To Meditate,,2025-06-28T17:21:25Z,,22,PT53S,hd,false,True,rectangular,4158,195,0,0
https://www.youtube.com/@theMITmonk,UC4ZVkG3RQPzvZk7alIVjcCg,theMITmonk,AskWGlyb4dc,The Story Of The Wolf,The Story Of The Wolf,2025-06-27T19:05:08Z,,22,PT57S,hd,false,True,rectangular,2561,103,3,0
https://www.youtube.com/@theMITmonk,UC4ZVkG3RQPzvZk7alIVjcCg,theMITmonk,zdrIWhKjDHQ,The History Of The $1.50 Hot Dog,"What can a $1.50 hot dog teach you about building a billion-dollar business—or a bulletproof career? In this video, we unpack the Costco story, a retail empire that quietly broke every rule in the book to build radical customer loyalty, industry-defying profits, and one of the strongest internal cultures in business. From driving the forklift to becoming the CEO to a $86B private label brand you’ve never seen advertised, this is a masterclass in playing the long game, doing less but better, and creating systems that scale.",2025-06-27T13:47:44Z,,22,PT13M6S,hd,false,True,rectangular,9958,219,16,0
https://www.youtube.com/@theMITmonk,UC4ZVkG3RQPzvZk7alIVjcCg,theMITmonk,N0hjpawAc60,Cereer = Racetrack,,2025-06-26T15:00:38Z,,22,PT31S,hd,false,True,rectangular,2435,82,1,0
https://www.youtube.com/@theMITmonk,UC4ZVkG3RQPzvZk7alIVjcCg,theMITmonk,WW6s3jFZ7Gs,#1 Risk To Take,,2025-06-25T15:01:02Z,,22,PT1M,hd,false,True,rectangular,10428,356,11,0
https://www.youtube.com/@theMITmonk,UC4ZVkG3RQPzvZk7alIVjcCg,theMITmonk,SXyv2CivEno,Cheetos? Gmail? Slack?,,2025-06-24T15:00:48Z,,22,PT51S,hd,false,True,rectangular,1793,68,1,0
https://www.youtube.com/@theMITmonk,UC4ZVkG3RQPzvZk7alIVjcCg,theMITmonk,5Lz9RuHEOf8,Top 3 Threats to Nvidia's Empire,,2025-06-23T15:00:14Z,,22,PT57S,hd,false,True,rectangular,5140,137,3,0
https://www.youtube.com/@theMITmonk,UC4ZVkG3RQPzvZk7alIVjcCg,theMITmonk,JZ9s677GoVs,The Biggest Gamble,,2025-06-22T15:00:36Z,,22,PT59S,hd,false,True,rectangular,1599,39,0,0
https://www.youtube.com/@theMITmonk,UC4ZVkG3RQPzvZk7alIVjcCg,theMITmonk,HSzInX-hO2E,Most People Chase This...,,2025-06-21T15:00:25Z,,22,PT59S,hd,false,True,rectangular,1334,56,1,0
https://www.youtube.com/@theMITmonk,UC4ZVkG3RQPzvZk7alIVjcCg,theMITmonk,2oArJHI9N2c,Who is Curtis Priem?,,2025-06-20T15:00:08Z,,22,PT31S,hd,false,True,rectangular,5568,73,2,0
https://www.youtube.com/@theMITmonk,UC4ZVkG3RQPzvZk7alIVjcCg,theMITmonk,1aG62Md6DdY,LIFE CHANGING Lessons From A Monk Turned Millionaire,"From sleeping on train platforms in India to becoming a CEO in America, Sandeep shares the 7 most counterintuitive life lessons that changed everything. Rooted in his experience as a monk, these insights blend ancient wisdom with practical mindset shifts—from the power of stillness and identity-shaping habits to letting go of comparison and recognizing the success you already have. Whether you're at rock bottom or just feeling stuck, this video will challenge your thinking and offer a new way to live, lead, and grow—with clarity, purpose, and peace.",2025-06-20T13:00:04Z,,22,PT14M59S,hd,false,True,rectangular,59641,1539,54,0
https://www.youtube.com/@theMITmonk,UC4ZVkG3RQPzvZk7alIVjcCg,theMITmonk,Vcv9tdRp19s,The Competition That Changed The Tech World,,2025-06-19T15:00:53Z,,22,PT54S,hd,false,True,rectangular,7829,200,1,0
https://www.youtube.com/@theMITmonk,UC4ZVkG3RQPzvZk7alIVjcCg,theMITmonk,D8CTyJn5LsA,How Nvidia Got Their Name,,2025-06-18T15:00:32Z,,22,PT46S,hd,false,True,rectangular,20302,390,8,0
https://www.youtube.com/@theMITmonk,UC4ZVkG3RQPzvZk7alIVjcCg,theMITmonk,j9-nuMMUZSI,Try This If You're Stuck,,2025-06-17T15:01:21Z,,22,PT26S,hd,false,True,rectangular,2297,79,3,0
https://www.youtube.com/@theMITmonk,UC4ZVkG3RQPzvZk7alIVjcCg,theMITmonk,3Xk9oHPDVeY,Happiness Causes Success,,2025-06-16T15:00:06Z,,22,PT21S,hd,false,True,rectangular,1439,43,2,0
https://www.youtube.com/@theMITmonk,UC4ZVkG3RQPzvZk7alIVjcCg,theMITmonk,AGEtedV1V7U,You speak through your presence,,2025-06-15T15:00:25Z,,22,PT51S,hd,false,True,rectangular,1440,61,1,0
https://www.youtube.com/@theMITmonk,UC4ZVkG3RQPzvZk7alIVjcCg,theMITmonk,Cv5vICWbqWU,We hear what we want to,,2025-06-14T15:00:19Z,,22,PT40S,hd,false,True,rectangular,1201,35,3,0
https://www.youtube.com/@theMITmonk,UC4ZVkG3RQPzvZk7alIVjcCg,theMITmonk,YNlw7tpFq5w,The Worst Kind Of Debt,,2025-06-13T15:00:55Z,,22,PT29S,hd,false,True,rectangular,1185,24,0,0
https://www.youtube.com/@theMITmonk,UC4ZVkG3RQPzvZk7alIVjcCg,theMITmonk,RK0FkCIEXSg,How The World’s Best Investors Are Playing AI,"If you think AI is just hype, think again. In this video, Sandeep breaks down why this AI wave is different and where the smartest money is going. From billion-dollar infrastructure plays like NVIDIA and ASML to AI's role in disrupting healthcare, defense, and enterprise software, this video shows you exactly how to think about investing in AI today. Whether you're new to the space or already placing bets, this is a must-watch guide to spotting the real opportunities—and avoiding the noise.",2025-06-13T13:00:57Z,,22,PT18M56S,hd,false,True,rectangular,71770,2021,62,0
https://www.youtube.com/@theMITmonk,UC4ZVkG3RQPzvZk7alIVjcCg,theMITmonk,bOQBWp0JvbE,How to Meditate,,2025-06-12T15:01:03Z,,22,PT45S,hd,false,True,rectangular,1549,46,0,0
https://www.youtube.com/@theMITmonk,UC4ZVkG3RQPzvZk7alIVjcCg,theMITmonk,MjqfZNaC1og,Your 'To Be' List,,2025-06-11T15:00:38Z,,22,PT32S,hd,false,True,rectangular,1647,51,1,0
https://www.youtube.com/@theMITmonk,UC4ZVkG3RQPzvZk7alIVjcCg,theMITmonk,P6IVPW-JnwY,Keep it simple,,2025-06-10T15:00:40Z,,22,PT52S,hd,false,True,rectangular,4195,172,5,0
https://www.youtube.com/@theMITmonk,UC4ZVkG3RQPzvZk7alIVjcCg,theMITmonk,SWgOYIcL5zI,Skill of listening,,2025-06-09T15:00:55Z,,22,PT47S,hd,false,True,rectangular,1379,39,0,0
https://www.youtube.com/@theMITmonk,UC4ZVkG3RQPzvZk7alIVjcCg,theMITmonk,B7WqsMn4XyM,Why CEOs Want You Back,,2025-06-08T15:00:27Z,,22,PT26S,hd,false,True,rectangular,1737,26,0,0
https://www.youtube.com/@theMITmonk,UC4ZVkG3RQPzvZk7alIVjcCg,theMITmonk,9bMhC9Dz83w,Three Minutes Will Change Your Life,,2025-06-07T15:00:10Z,,22,PT39S,hd,false,True,rectangular,4540,82,1,0
https://www.youtube.com/@theMITmonk,UC4ZVkG3RQPzvZk7alIVjcCg,theMITmonk,VWuq2JeZ4q4,Robots Already Run The Banking System,,2025-06-06T15:00:55Z,,22,PT45S,hd,false,True,rectangular,1446,36,0,0
https://www.youtube.com/@theMITmonk,UC4ZVkG3RQPzvZk7alIVjcCg,theMITmonk,P8W7omvJk-w,Want To Be Rich? Don't Start A Business...Do THIS,"In this video, Sandeep breaks down the 9 career decisions that helped him—and thousands of others—build real wealth without quitting their 9-5. From choosing the right industry and mastering high-leverage skills, to making bold moves, avoiding career traps, and using your evenings like a founder, this is a full-stack blueprint for becoming a millionaire inside a company. Whether you're in your 20s figuring it out or in your 30s trying to scale faster, these strategies combine data, personal stories, and frameworks that can change the trajectory of your career.",2025-06-06T13:00:45Z,,22,PT18M30S,hd,false,True,rectangular,179240,4772,144,0
https://www.youtube.com/@theMITmonk,UC4ZVkG3RQPzvZk7alIVjcCg,theMITmonk,B_aCLzsqRrY,How AI Will Change Your Day To Day Life,,2025-06-05T15:00:17Z,,22,PT28S,hd,false,True,rectangular,1468,36,5,0
https://www.youtube.com/@theMITmonk,UC4ZVkG3RQPzvZk7alIVjcCg,theMITmonk,ReFwLiNuwDU,How I'd Become A Millionaire Again,,2025-06-04T15:00:47Z,,22,PT25S,hd,false,True,rectangular,4566,146,2,0
https://www.youtube.com/@theMITmonk,UC4ZVkG3RQPzvZk7alIVjcCg,theMITmonk,BA-eXQSeDcg,Golden rule of communications,,2025-06-03T15:00:24Z,,22,PT54S,hd,false,True,rectangular,1163,36,0,0
https://www.youtube.com/@theMITmonk,UC4ZVkG3RQPzvZk7alIVjcCg,theMITmonk,kX3dXIXkZRA,"The 5 ""Ships""",,2025-06-02T15:01:26Z,,22,PT35S,hd,false,True,rectangular,1481,42,1,0
https://www.youtube.com/@theMITmonk,UC4ZVkG3RQPzvZk7alIVjcCg,theMITmonk,9dLxeuxX1ac,The Best Companies Are Like Religion,,2025-06-01T15:00:20Z,,22,PT24S,hd,false,True,rectangular,1364,38,0,0
https://www.youtube.com/@theMITmonk,UC4ZVkG3RQPzvZk7alIVjcCg,theMITmonk,G_aS4MQL4jQ,Google's Recruiting Strategy,,2025-05-31T15:00:34Z,,22,PT21S,hd,false,True,rectangular,612,14,0,0
https://www.youtube.com/@theMITmonk,UC4ZVkG3RQPzvZk7alIVjcCg,theMITmonk,7bSmlRCOGBQ,Boring Billion Dollar Opportunity,,2025-05-30T15:00:17Z,,22,PT46S,hd,false,True,rectangular,2312,72,0,0
https://www.youtube.com/@theMITmonk,UC4ZVkG3RQPzvZk7alIVjcCg,theMITmonk,trCYZF0guAs,The Company That Changed Tech Forever...,"In this video, Sandeep breaks down the unbelievable rise of NVIDIA—from three engineers sketching a chip on a napkin at Denny’s to building the most important AI company on the planet. You’ll learn how they survived near-bankruptcy, invented the GPU, and sparked a trillion-dollar AI boom—plus why their biggest customers might become their biggest threats. If you’re building in tech, business, or just want to understand what it really takes to win, this is a masterclass in strategy, resilience, and reinvention.",2025-05-30T13:01:45Z,,22,PT21M53S,hd,false,True,rectangular,7776,197,14,0
https://www.youtube.com/@theMITmonk,UC4ZVkG3RQPzvZk7alIVjcCg,theMITmonk,u8IEr8GVG0A,This Guy Built A $10M Business Without Any Sales Reps,,2025-05-29T15:01:40Z,,22,PT43S,hd,false,True,rectangular,2659,78,1,0
https://www.youtube.com/@theMITmonk,UC4ZVkG3RQPzvZk7alIVjcCg,theMITmonk,H2eLyY1_4pg,AI's Influence on Military Defense,,2025-05-28T15:00:33Z,,22,PT56S,hd,false,True,rectangular,1111,37,1,0
https://www.youtube.com/@theMITmonk,UC4ZVkG3RQPzvZk7alIVjcCg,theMITmonk,5ps3_VawpgQ,How To Grow Your Network,,2025-05-27T15:00:10Z,,22,PT27S,hd,false,True,rectangular,2604,92,4,0
https://www.youtube.com/@theMITmonk,UC4ZVkG3RQPzvZk7alIVjcCg,theMITmonk,arNEUyhPYLQ,The most broken system in America,,2025-05-26T15:00:06Z,,22,PT49S,hd,false,True,rectangular,2235,75,1,0
https://www.youtube.com/@theMITmonk,UC4ZVkG3RQPzvZk7alIVjcCg,theMITmonk,gsI0p5B7oaU,How NVIDIA Became Successful,,2025-05-25T15:01:09Z,,22,PT31S,hd,false,True,rectangular,5488,95,8,0
https://www.youtube.com/@theMITmonk,UC4ZVkG3RQPzvZk7alIVjcCg,theMITmonk,qW_8G_i_pUY,My First Big Break,,2025-05-24T15:01:30Z,,22,PT50S,hd,false,True,rectangular,5628,143,7,0
https://www.youtube.com/@theMITmonk,UC4ZVkG3RQPzvZk7alIVjcCg,theMITmonk,vbJIsmkJTZk,Amazon's Hiring System,,2025-05-23T15:01:40Z,,22,PT27S,hd,false,True,rectangular,2180,47,0,0
https://www.youtube.com/@theMITmonk,UC4ZVkG3RQPzvZk7alIVjcCg,theMITmonk,K2bXEHsrIJA,How To Build Systems So Your Life Runs On Easy Mode,"Every breakthrough—whether in life or business—starts with a system. In this video, Sandeep breaks down the 9 systems that helped him scale companies to tens of millions in revenue. From hiring top-tier talent and building a culture of trust, to installing communication rituals and leveraging AI agents, these are the frameworks that turn chaos into clarity. If you’re serious about building something that runs without you, this is the roadmap.",2025-05-23T13:00:38Z,,22,PT13M23S,hd,false,True,rectangular,61235,2204,63,0
https://www.youtube.com/@theMITmonk,UC4ZVkG3RQPzvZk7alIVjcCg,theMITmonk,CfnlbupZJ8M,Money is Freedom,,2025-05-22T19:33:42Z,,22,PT29S,hd,false,True,rectangular,1779,29,0,0
https://www.youtube.com/@theMITmonk,UC4ZVkG3RQPzvZk7alIVjcCg,theMITmonk,VB0FebOxTX8,Should you work from your bed?,,2025-05-21T15:01:00Z,,22,PT29S,hd,false,True,rectangular,1551,28,2,0
https://www.youtube.com/@theMITmonk,UC4ZVkG3RQPzvZk7alIVjcCg,theMITmonk,WfaFvYLjv8U,This Hacker Uncovered Something BIG,,2025-05-20T15:01:03Z,,22,PT35S,hd,false,True,rectangular,2248,26,0,0
https://www.youtube.com/@theMITmonk,UC4ZVkG3RQPzvZk7alIVjcCg,theMITmonk,bheH6tN1mh8,WTF is 'Box Breathing'?,,2025-05-19T19:16:19Z,,22,PT26S,hd,false,True,rectangular,1224,27,0,0
https://www.youtube.com/@theMITmonk,UC4ZVkG3RQPzvZk7alIVjcCg,theMITmonk,fWYhgNPtQ0s,Remote Work Only Works When These 3 Things Are True,,2025-05-18T15:01:05Z,,22,PT48S,hd,false,True,rectangular,1083,31,1,0
https://www.youtube.com/@theMITmonk,UC4ZVkG3RQPzvZk7alIVjcCg,theMITmonk,ID3P6Pl3NG0,A Story You've Never Heard,,2025-05-17T15:00:26Z,,22,PT33S,hd,false,True,rectangular,2416,39,0,0
https://www.youtube.com/@theMITmonk,UC4ZVkG3RQPzvZk7alIVjcCg,theMITmonk,fVaPJI95qvc,Communicate With Confidence: The Blueprint For Mastering Every Conversation,"In this video, tech CEO Sandeep Swadia breaks down the 8 mental and communication shifts that every business leader, manager, and ambitious professional needs to master. He shares real-world stories and practical tools for navigating high-stakes conversations, building trust, and speaking with clarity and confidence—whether you’re leading a team, pitching clients, or just trying to be heard. From decoding miscommunication to choosing the right medium and mastering your voice under pressure, this is a tactical guide to becoming a more effective communicator in business and life.",2025-05-16T17:18:21Z,,22,PT11M24S,hd,false,True,rectangular,112784,3579,108,0
https://www.youtube.com/@theMITmonk,UC4ZVkG3RQPzvZk7alIVjcCg,theMITmonk,WqUL28K7KZs,Is This The Best Hidden Business Opportunity?,,2025-05-16T15:00:52Z,,22,PT20S,hd,false,True,rectangular,3010,41,1,0
https://www.youtube.com/@theMITmonk,UC4ZVkG3RQPzvZk7alIVjcCg,theMITmonk,d6yRJXMBZzI,Remember ANYTHING Easily,,2025-05-15T15:01:07Z,,22,PT23S,hd,false,True,rectangular,1196,27,1,0
https://www.youtube.com/@theMITmonk,UC4ZVkG3RQPzvZk7alIVjcCg,theMITmonk,MclGy-98JeM,This 30 Year Old Built A $125 Million Using A Mic and A Phone,,2025-05-14T15:00:40Z,,22,PT39S,hd,false,True,rectangular,1596,40,0,0
https://www.youtube.com/@theMITmonk,UC4ZVkG3RQPzvZk7alIVjcCg,theMITmonk,hjyzJ_g5KN0,This is why anxiety holds you back,,2025-05-13T15:01:15Z,,22,PT27S,hd,false,True,rectangular,1088,23,2,0
https://www.youtube.com/@theMITmonk,UC4ZVkG3RQPzvZk7alIVjcCg,theMITmonk,_5g0wuTZ1l8,3 Best Movies Every Entrepreneur Should Watch,,2025-05-12T15:00:55Z,,22,PT36S,hd,false,True,rectangular,1770,47,1,0
https://www.youtube.com/@theMITmonk,UC4ZVkG3RQPzvZk7alIVjcCg,theMITmonk,abiJbzmxlQc,Dating VS Investing,,2025-05-11T16:00:53Z,,22,PT37S,hd,false,True,rectangular,1411,6,1,0
https://www.youtube.com/@theMITmonk,UC4ZVkG3RQPzvZk7alIVjcCg,theMITmonk,T3Iwrh-6elM,Google's Made Our Business Pivot,,2025-05-10T15:00:43Z,,22,PT41S,hd,false,True,rectangular,3119,33,0,0
https://www.youtube.com/@theMITmonk,UC4ZVkG3RQPzvZk7alIVjcCg,theMITmonk,VU4jZLULPoY,The Realities of Being an Entrepreneur,,2025-05-09T15:00:50Z,,22,PT38S,hd,false,True,rectangular,1224,34,0,0
https://www.youtube.com/@theMITmonk,UC4ZVkG3RQPzvZk7alIVjcCg,theMITmonk,vhzsQw2LiUY,Why Companies Hate Work From Home Now,"Remote work may feel like freedom, but what if it's holding your career back? In this video, Sandeep Swadia former CEO and board member of billion-dollar companies shares 5 brutal truths about remote work—and why it could be the beginning of the end. 

From missed promotions and weaker teams to the lost art of mentorship, this deep dive explores the hidden costs of working from home and what top-performing professionals are doing differently. 

If you're early in your career or serious about leveling up, this might change the way you think about showing up.",2025-05-09T13:01:38Z,,22,PT12M9S,hd,false,True,rectangular,16339,485,97,0
https://www.youtube.com/@theMITmonk,UC4ZVkG3RQPzvZk7alIVjcCg,theMITmonk,9_ExR6MTNjE,How To Get Free Money,,2025-05-08T15:00:12Z,,22,PT36S,hd,false,True,rectangular,1290,15,0,0
https://www.youtube.com/@theMITmonk,UC4ZVkG3RQPzvZk7alIVjcCg,theMITmonk,fLX24sJADcw,The Biggest Mistake You’ll Make Chasing Success,,2025-05-07T15:01:10Z,,22,PT39S,hd,false,True,rectangular,1486,39,4,0
https://www.youtube.com/@theMITmonk,UC4ZVkG3RQPzvZk7alIVjcCg,theMITmonk,rgB_bjmLU3E,Homeless to Millionaire: The Power of Investing,,2025-05-06T15:01:27Z,,22,PT45S,hd,false,True,rectangular,2556,45,2,0
https://www.youtube.com/@theMITmonk,UC4ZVkG3RQPzvZk7alIVjcCg,theMITmonk,HNhWl3z-iFg,Is Doomsday Real?,,2025-05-05T15:00:34Z,,22,PT22S,hd,false,True,rectangular,1461,16,0,0
https://www.youtube.com/@theMITmonk,UC4ZVkG3RQPzvZk7alIVjcCg,theMITmonk,vDe8FQbguGo,College or No College?,,2025-05-04T15:01:24Z,,22,PT35S,hd,false,True,rectangular,1579,34,2,0
https://www.youtube.com/@theMITmonk,UC4ZVkG3RQPzvZk7alIVjcCg,theMITmonk,br0KR02BWtA,Best Job For Women,,2025-05-03T15:01:02Z,,22,PT17S,hd,false,True,rectangular,1582,24,2,0
https://www.youtube.com/@theMITmonk,UC4ZVkG3RQPzvZk7alIVjcCg,theMITmonk,oPoDB34xu84,The Biggest FILM Disaster Ever,,2025-05-02T15:01:24Z,,22,PT31S,hd,false,True,rectangular,3483,67,2,0
https://www.youtube.com/@theMITmonk,UC4ZVkG3RQPzvZk7alIVjcCg,theMITmonk,jI2D95XNciY,How To ACTUALLY Make Money In Tech In 2025,"In this video, tech CEO Sandeep Swadia breaks down the reality of the tech job market in 2025—what’s changed, what roles are in demand, and how to position yourself to get hired. He shares insights from inside the industry, including which skills companies are prioritizing, why AI is creating entirely new job categories, and how non-traditional paths like bootcamps and portfolios are now competing with degrees. This is the practical guide to landing a high-paying tech job in today’s evolving landscape.",2025-05-02T13:01:19Z,,22,PT8M42S,hd,false,True,rectangular,85425,2668,185,0
https://www.youtube.com/@theMITmonk,UC4ZVkG3RQPzvZk7alIVjcCg,theMITmonk,9yaF4oYiQ94,This 1 Trick Makes Discipline EASY,,2025-05-01T15:00:26Z,,22,PT15S,hd,false,True,rectangular,3734,101,2,0
https://www.youtube.com/@theMITmonk,UC4ZVkG3RQPzvZk7alIVjcCg,theMITmonk,sM4iqdLrpWU,How Do Ski Resorts Make Money In Summer?,,2025-04-30T15:01:34Z,,22,PT23S,hd,false,True,rectangular,1461,31,1,0
https://www.youtube.com/@theMITmonk,UC4ZVkG3RQPzvZk7alIVjcCg,theMITmonk,2Z2bGgy_R_8,Don’t Make This Mistake When Flying,,2025-04-29T21:00:06Z,,22,PT52S,hd,false,True,rectangular,24422,234,4,0
https://www.youtube.com/@theMITmonk,UC4ZVkG3RQPzvZk7alIVjcCg,theMITmonk,9-_Nk_2Yn6g,If you're struggling at work... watch this,,2025-04-28T15:00:23Z,,22,PT26S,hd,false,True,rectangular,1635,27,2,0
https://www.youtube.com/@theMITmonk,UC4ZVkG3RQPzvZk7alIVjcCg,theMITmonk,5seu_jEA3SU,I had dinner with an AI startup founder: here's what I learned!,,2025-04-27T15:00:07Z,,22,PT29S,hd,false,True,rectangular,1254,9,0,0
https://www.youtube.com/@theMITmonk,UC4ZVkG3RQPzvZk7alIVjcCg,theMITmonk,ZE4E-YkFZZ8,The Purpose of a Business,,2025-04-26T15:00:59Z,,22,PT39S,hd,false,True,rectangular,1068,27,0,0
https://www.youtube.com/@theMITmonk,UC4ZVkG3RQPzvZk7alIVjcCg,theMITmonk,XtyM0IxXNMw,This Earthquake is ROCKING The Tech World,,2025-04-25T15:00:53Z,,22,PT28S,hd,false,True,rectangular,2054,16,0,0
https://www.youtube.com/@theMITmonk,UC4ZVkG3RQPzvZk7alIVjcCg,theMITmonk,llvdfauXkNE,These 7 Tiny Habits Will Transform Your Life,"In this video, Sandeep shares the 7 tiny habits that helped him go from being homeless to leading companies worth over $60 billion. These simple, often overlooked practices quietly reshape mindset, focus, and success over time. From unexpected rituals to subtle mindset shifts, this is a behind-the-scenes look at the habits that quietly power the world’s top performers.",2025-04-25T13:01:32Z,,22,PT11M16S,hd,false,True,rectangular,67038,2317,64,0
https://www.youtube.com/@theMITmonk,UC4ZVkG3RQPzvZk7alIVjcCg,theMITmonk,bHiyeUMn7JU,How To Beat Anxiety And Doubts,,2025-04-24T05:00:39Z,,22,PT18S,hd,false,True,rectangular,1851,37,2,0
https://www.youtube.com/@theMITmonk,UC4ZVkG3RQPzvZk7alIVjcCg,theMITmonk,OVL5HA_cIiI,The Reality of India,,2025-04-23T15:00:45Z,,22,PT49S,hd,false,True,rectangular,4431,56,3,0
https://www.youtube.com/@theMITmonk,UC4ZVkG3RQPzvZk7alIVjcCg,theMITmonk,-S_abk7SfaM,This Business Makes $200 Million Per Year,,2025-04-22T15:00:00Z,,22,PT37S,hd,false,True,rectangular,5021,50,2,0
https://www.youtube.com/@theMITmonk,UC4ZVkG3RQPzvZk7alIVjcCg,theMITmonk,W8umHzbd5WY,The Craziest Harvard Study,,2025-04-21T15:01:01Z,,22,PT24S,hd,false,True,rectangular,1176,17,0,0
https://www.youtube.com/@theMITmonk,UC4ZVkG3RQPzvZk7alIVjcCg,theMITmonk,5m_o95fQZ68,The (Boring Businesses) Always Win,,2025-04-20T15:00:10Z,,22,PT16S,hd,false,True,rectangular,1430,28,1,0
https://www.youtube.com/@theMITmonk,UC4ZVkG3RQPzvZk7alIVjcCg,theMITmonk,4wXlgQX0G5U,Gladiator VS Gardener,,2025-04-19T15:00:07Z,,22,PT18S,hd,false,True,rectangular,1137,16,1,0
https://www.youtube.com/@theMITmonk,UC4ZVkG3RQPzvZk7alIVjcCg,theMITmonk,BvvGDQIlnvY,How To Get Rid Of FOMO,,2025-04-18T15:00:30Z,,22,PT37S,hd,false,True,rectangular,1191,23,1,0
https://www.youtube.com/@theMITmonk,UC4ZVkG3RQPzvZk7alIVjcCg,theMITmonk,E0fa5bDrE9Q,"Your Time Costs $1,000",,2025-04-17T15:00:30Z,,22,PT24S,hd,false,True,rectangular,2473,20,0,0
https://www.youtube.com/@theMITmonk,UC4ZVkG3RQPzvZk7alIVjcCg,theMITmonk,V2Bn_-0PKFc,The Biggest Problem Marriages Face Today,,2025-04-16T15:01:01Z,,22,PT34S,hd,false,True,rectangular,1626,21,1,0
https://www.youtube.com/@theMITmonk,UC4ZVkG3RQPzvZk7alIVjcCg,theMITmonk,TTnmmOnCH68,Warren Buffet's $1 Million Bet on Index Funds,,2025-04-15T15:00:45Z,,22,PT31S,hd,false,True,rectangular,5604,29,2,0
https://www.youtube.com/@theMITmonk,UC4ZVkG3RQPzvZk7alIVjcCg,theMITmonk,bnzapDMSuSg,If I Had To Start Over From $0..Here's How I'd Become A Millionaire Again As A Beginner,"In this video, Sandeep breaks down exactly what you need to understand about money, inflation, and the market. Whether you're just getting started or want to protect what you’ve already built, he walks through how to invest your first $10k, the best accounts to grow your wealth, and how to navigate stocks, bonds, index funds, and more. If you’ve been waiting for a sign to take control of your finances—this is it.",2025-04-15T13:01:06Z,,22,PT13M31S,hd,false,True,rectangular,29120,840,22,0
https://www.youtube.com/@theMITmonk,UC4ZVkG3RQPzvZk7alIVjcCg,theMITmonk,m4DmC6HzOco,How To Use AI To Get A Job,,2025-04-14T15:01:14Z,,22,PT33S,hd,false,True,rectangular,940,14,0,0
https://www.youtube.com/@theMITmonk,UC4ZVkG3RQPzvZk7alIVjcCg,theMITmonk,xvAGUQRl2Tk,Getting A Job In The Worst Job Market Ever,,2025-04-13T15:01:28Z,,22,PT43S,hd,false,True,rectangular,1196,24,1,0
https://www.youtube.com/@theMITmonk,UC4ZVkG3RQPzvZk7alIVjcCg,theMITmonk,tZkOkxAfYzc,Why Your Resume Isn't Working,,2025-04-12T15:01:23Z,,22,PT57S,hd,false,True,rectangular,1417,35,0,0
https://www.youtube.com/@theMITmonk,UC4ZVkG3RQPzvZk7alIVjcCg,theMITmonk,8QvYH2JgrlY,Why Most Startups Fail,,2025-04-11T18:00:13Z,,22,PT31S,hd,false,True,rectangular,2032,47,0,0
https://www.youtube.com/@theMITmonk,UC4ZVkG3RQPzvZk7alIVjcCg,theMITmonk,31ZZ2cLacq0,THIS is how you can beat the market,,2025-04-10T18:00:07Z,,22,PT48S,hd,false,True,rectangular,1440,21,2,0
https://www.youtube.com/@theMITmonk,UC4ZVkG3RQPzvZk7alIVjcCg,theMITmonk,iVp96A65kJw,Do You Have These Mental Blocks?,,2025-04-09T18:00:38Z,,22,PT58S,hd,false,True,rectangular,1574,37,3,0
https://www.youtube.com/@theMITmonk,UC4ZVkG3RQPzvZk7alIVjcCg,theMITmonk,RbeVuX-0MXg,A Story About The Job Market in 2025,,2025-04-09T03:19:37Z,,22,PT55S,hd,false,True,rectangular,475,18,0,0
https://www.youtube.com/@theMITmonk,UC4ZVkG3RQPzvZk7alIVjcCg,theMITmonk,JOQaMXh47MY,Business Is A Video Game. Here's How To Win.,"In this video, Sandeep shares the hard-won lessons from building, scaling, and exiting five tech companies worth over $40 billion. From billion-dollar IPOs to strategic pivots and scaling content engines post-2008, he breaks down the frameworks and mindset shifts that helped him win in some of the toughest markets in tech. You’ll hear untold stories from inside the rise of IT services, search engines, media tech, and more—plus leadership philosophies and competitive strategies. If you're a founder, builder, or operator, this is a masterclass in how to win big.",2025-04-07T13:00:33Z,,22,PT9M5S,hd,false,True,rectangular,7883,195,11,0
https://www.youtube.com/@theMITmonk,UC4ZVkG3RQPzvZk7alIVjcCg,theMITmonk,G446cXoi320,If You Feel Stuck: This is The Solution,,2025-04-04T15:00:22Z,,22,PT33S,hd,false,True,rectangular,1179,31,0,0
https://www.youtube.com/@theMITmonk,UC4ZVkG3RQPzvZk7alIVjcCg,theMITmonk,IInIx7rNWbI,The Next Big Thing In Tech,,2025-04-03T15:00:24Z,,22,PT31S,hd,false,True,rectangular,171,7,0,0
https://www.youtube.com/@theMITmonk,UC4ZVkG3RQPzvZk7alIVjcCg,theMITmonk,angiL5BArFs,Ferrari's Secret To Success,,2025-04-02T15:00:03Z,,22,PT29S,hd,false,True,rectangular,1273,18,0,0
https://www.youtube.com/@theMITmonk,UC4ZVkG3RQPzvZk7alIVjcCg,theMITmonk,Ss9CabEdGwo,Gen Z is winning over boomers,,2025-04-01T15:00:38Z,,22,PT54S,hd,false,True,rectangular,1202,17,0,0
https://www.youtube.com/@theMITmonk,UC4ZVkG3RQPzvZk7alIVjcCg,theMITmonk,RawqlsI-f4g,My biggest tip for new business owners,,2025-03-31T18:00:17Z,,22,PT29S,hd,false,True,rectangular,1146,19,0,0
https://www.youtube.com/@theMITmonk,UC4ZVkG3RQPzvZk7alIVjcCg,theMITmonk,yYGiDjKRyCE,Monk Mode Routine,,2025-03-30T15:01:17Z,,22,PT56S,hd,false,True,rectangular,1457,79,4,0
https://www.youtube.com/@theMITmonk,UC4ZVkG3RQPzvZk7alIVjcCg,theMITmonk,PWSLaDGU0FU,Your Team Decides Your Fate,,2025-03-29T15:00:26Z,,22,PT27S,hd,false,True,rectangular,533,16,0,0
https://www.youtube.com/@theMITmonk,UC4ZVkG3RQPzvZk7alIVjcCg,theMITmonk,M85foosQIT4,A Lesson I Wish I Learned Sooner,,2025-03-28T15:00:24Z,,22,PT50S,hd,false,True,rectangular,285,20,4,0
https://www.youtube.com/@theMITmonk,UC4ZVkG3RQPzvZk7alIVjcCg,theMITmonk,4zmjXHp3hyQ,If You Feel Like You're WASTING Your Life...Watch This (Please),"If you feel like you're wasting your life, this is your wake-up call. In this video, Sandeep breaks down the 7 illusions, habits, and mindset traps that keep people stuck—while revealing what actually separates high performers from everyone else. From the brutal truth about how little free time we really have, to why fake productivity and FOMO are silently draining your potential, Sandeep shares the hard-won lessons he’s learned from building and advising billion-dollar startups. If you're ready to stop drifting and start living with clarity, discipline, and purpose—this one’s for you.",2025-03-28T15:00:06Z,,22,PT8M2S,hd,false,True,rectangular,122569,4962,111,0
https://www.youtube.com/@theMITmonk,UC4ZVkG3RQPzvZk7alIVjcCg,theMITmonk,7YE91aYDn_4,Actions speak louder than words - especially in sales,,2025-03-27T15:00:07Z,,22,PT41S,hd,false,True,rectangular,300,15,1,0
https://www.youtube.com/@theMITmonk,UC4ZVkG3RQPzvZk7alIVjcCg,theMITmonk,Yw2P6nNPkbU,The Best Debt Analogy You've Ever Heard,,2025-03-26T15:00:43Z,,22,PT36S,hd,false,True,rectangular,517,25,0,0
https://www.youtube.com/@theMITmonk,UC4ZVkG3RQPzvZk7alIVjcCg,theMITmonk,iJEMVeSOVvw,Easiest AI Business to Start in 2025,,2025-03-25T15:00:52Z,,22,PT35S,hd,false,True,rectangular,556,8,0,0
https://www.youtube.com/@theMITmonk,UC4ZVkG3RQPzvZk7alIVjcCg,theMITmonk,LdHc5PiJgxg,Make Millions Working in Corporate,,2025-03-24T15:00:25Z,,22,PT52S,hd,false,True,rectangular,852,36,4,0
https://www.youtube.com/@theMITmonk,UC4ZVkG3RQPzvZk7alIVjcCg,theMITmonk,UI7uKF5h8O4,Debit or Credit?,,2025-03-23T15:00:42Z,,22,PT40S,hd,false,True,rectangular,6236,146,9,0
https://www.youtube.com/@theMITmonk,UC4ZVkG3RQPzvZk7alIVjcCg,theMITmonk,pNpZAOGJr2g,A story about how cash is everything,,2025-03-22T15:01:03Z,,22,PT40S,hd,false,True,rectangular,602,16,0,0
https://www.youtube.com/@theMITmonk,UC4ZVkG3RQPzvZk7alIVjcCg,theMITmonk,gVAIKeuzEkM,How to Do It All With AI,,2025-03-21T15:00:56Z,,22,PT1M12S,hd,false,True,rectangular,854,42,0,0
https://www.youtube.com/@theMITmonk,UC4ZVkG3RQPzvZk7alIVjcCg,theMITmonk,9tKeM0CnpXY,9 Simple Steps to Actually Make Money in 2025,"Sandeep shares the exact blueprint that took him from being a homeless musician to a multi-millionaire founder and CEO. Whether you're aiming for a high-paying job, building a thriving freelance career, or launching your own business, he reveals the most efficient path to making at least $5K a month in 2025. From AI-powered job hacks and high-demand skills to pricing strategies and automation, Sandeep breaks down actionable steps that anyone can follow. If you're ready to take control of your financial future, this video is your ultimate guide to success.",2025-03-21T15:00:12Z,,22,PT10M47S,hd,false,True,rectangular,28351,998,51,0
https://www.youtube.com/@theMITmonk,UC4ZVkG3RQPzvZk7alIVjcCg,theMITmonk,TF0FwCvGV4Q,I got fired because I was...,,2025-03-20T15:00:43Z,,22,PT52S,hd,false,True,rectangular,512,8,0,0
https://www.youtube.com/@theMITmonk,UC4ZVkG3RQPzvZk7alIVjcCg,theMITmonk,-ed42u34RoA,"Why You Have To Be Using The ""F"" Word",,2025-03-19T15:00:01Z,,22,PT43S,hd,false,True,rectangular,372,19,2,0
https://www.youtube.com/@theMITmonk,UC4ZVkG3RQPzvZk7alIVjcCg,theMITmonk,I1txgFv8XRk,The Secret Getting Rich Long Term,,2025-03-18T15:00:29Z,,22,PT40S,hd,false,True,rectangular,1514,27,0,0
https://www.youtube.com/@theMITmonk,UC4ZVkG3RQPzvZk7alIVjcCg,theMITmonk,n4CUf60kwN8,How To Get a High-Paying Job in 2025,,2025-03-17T15:01:11Z,,22,PT43S,hd,false,True,rectangular,790,33,5,0
https://www.youtube.com/@theMITmonk,UC4ZVkG3RQPzvZk7alIVjcCg,theMITmonk,xsbQb62cAy4,How To Start An AI Business,,2025-03-16T15:01:19Z,,22,PT51S,hd,false,True,rectangular,660,28,0,0
https://www.youtube.com/@theMITmonk,UC4ZVkG3RQPzvZk7alIVjcCg,theMITmonk,4zkx6E4B2aI,5 (EASY) High-Profit AI Businesses That Will Make You Millions,"AI is transforming industries, but some businesses and careers are built to last. Sandeep breaks down five AI-proof businesses that not only survive but thrive in the AI era. If you're looking for a future-proof way to make money—whether as a side hustle or a full-scale business—this video will give you the insights and steps to start today.",2025-03-14T15:24:26Z,,22,PT13M15S,hd,false,True,rectangular,104353,3103,154,0
https://www.youtube.com/@theMITmonk,UC4ZVkG3RQPzvZk7alIVjcCg,theMITmonk,usG-a25QML4,Is an MBA really worth it?,,2025-03-14T15:01:20Z,,22,PT57S,hd,false,True,rectangular,2564,68,3,0
https://www.youtube.com/@theMITmonk,UC4ZVkG3RQPzvZk7alIVjcCg,theMITmonk,rt2n6tFDWKQ,How to Retire in 10 years,,2025-03-12T15:01:12Z,,22,PT1M10S,hd,false,True,rectangular,255,5,0,0
https://www.youtube.com/@theMITmonk,UC4ZVkG3RQPzvZk7alIVjcCg,theMITmonk,HyaWTzXN-2E,REACTION: Millionaire Won’t Leave his Kids Any Money,,2025-03-10T15:00:32Z,,22,PT51S,hd,false,True,rectangular,1846,50,6,0
https://www.youtube.com/@theMITmonk,UC4ZVkG3RQPzvZk7alIVjcCg,theMITmonk,fogM1raqhfQ,It's Time to Get a Mentor,,2025-03-08T15:00:54Z,,22,PT41S,hd,false,True,rectangular,675,32,2,0
https://www.youtube.com/@theMITmonk,UC4ZVkG3RQPzvZk7alIVjcCg,theMITmonk,M-TL6nXQWkI,Money Principles I Know Today But Wish I Knew in My 20s,"From being homeless on the streets of Mumbai to reaching the boardrooms of billion dollar companies, Sandeep shares 11 essential financial rules that shaped his journey. These principles blend smart investing, disciplined money management, and a long-term mindset. Whether you're starting your journey to getting wealthy, managing your finance like a CFO, engineering your luck, or planning for retirement, these insights will help you build lasting wealth.",2025-03-07T19:33:08Z,,22,PT18M6S,hd,false,True,rectangular,71214,2367,81,0
https://www.youtube.com/@theMITmonk,UC4ZVkG3RQPzvZk7alIVjcCg,theMITmonk,rzIioQ3asEo,From Homeless to MIT Grad: How I Started from $0 and Created Billions,"In 25 years, Sandeep has learned that success in business comes from the lessons least expected—often from failures rather than wins. In this video, he shares 12 hard-earned insights that took him from being a broke musician to an MIT graduate and a multi-millionaire leading tech companies that have driven over $40 billion in value. From creating a founder’s mindset to mastering customer fit, building scalable processes, and prioritizing profit, these are real lessons from the trenches of business. For those ready to grow and scale, this video is a must-watch.",2025-02-28T16:01:10Z,,22,PT13M38S,hd,false,True,rectangular,22407,1000,59,0
https://www.youtube.com/@theMITmonk,UC4ZVkG3RQPzvZk7alIVjcCg,theMITmonk,d-QcTB_yyK0,You have to sell an emotional connection,,2025-02-26T19:00:27Z,,22,PT25S,hd,false,True,rectangular,728,20,0,0
https://www.youtube.com/@theMITmonk,UC4ZVkG3RQPzvZk7alIVjcCg,theMITmonk,VzjY2aVM-VE,What is an AI Agent?,,2025-02-24T19:00:18Z,,22,PT58S,hd,false,True,rectangular,171,8,0,0
https://www.youtube.com/@theMITmonk,UC4ZVkG3RQPzvZk7alIVjcCg,theMITmonk,aQ9sY3d2OoM,You Have to Show Up [Not Work Remote],,2025-02-22T19:00:00Z,,22,PT31S,hd,false,True,rectangular,695,20,0,0
https://www.youtube.com/@theMITmonk,UC4ZVkG3RQPzvZk7alIVjcCg,theMITmonk,7xtDHZChFbg,How to find a 6-figure Job,,2025-02-20T19:00:12Z,,22,PT1M1S,hd,false,True,rectangular,772,28,1,0
https://www.youtube.com/@theMITmonk,UC4ZVkG3RQPzvZk7alIVjcCg,theMITmonk,3u2AyEieFgQ,Top Executive’s #1 Interview Question,,2025-02-18T19:00:06Z,,22,PT34S,hd,false,True,rectangular,760,21,0,0
https://www.youtube.com/@theMITmonk,UC4ZVkG3RQPzvZk7alIVjcCg,theMITmonk,KEqmJ8pw1_4,20 Quantum Cheat Codes That I Wish I Knew In My 20’s,"Join Sandeep as he shares his 20 life-changing ""cheat codes"" that took him from being homeless in Mumbai to becoming a monk, an MIT graduate, and a multi-millionaire entrepreneur. Drawing on his experience as a CEO and advisor to billion-dollar companies, Sandeep reveals hard-hitting truths about success, like why passion doesn’t guarantee prosperity, how persistence beats talent, and the power of investing in skills, equity, and connections. Whether you’re just starting your career or looking to level up, these actionable insights will help you navigate challenges, grow your wealth, and create a life of lasting impact.",2025-02-18T18:01:00Z,,22,PT22M50S,hd,false,True,rectangular,1014358,36507,1142,0
https://www.youtube.com/@theMITmonk,UC4ZVkG3RQPzvZk7alIVjcCg,theMITmonk,VueOVA_L8cQ,If you can answer these questions; you’re a success,,2025-02-16T19:00:19Z,,22,PT45S,hd,false,True,rectangular,355,15,0,0
https://www.youtube.com/@theMITmonk,UC4ZVkG3RQPzvZk7alIVjcCg,theMITmonk,P6Gv7nZEPgo,The most valuable skill I learned at MIT,,2025-02-14T19:00:26Z,,22,PT49S,hd,false,True,rectangular,65470,1947,45,0
https://www.youtube.com/@theMITmonk,UC4ZVkG3RQPzvZk7alIVjcCg,theMITmonk,0gowE_6tNOE,What to do if you don’t have $50k saved up,,2025-02-12T19:30:00Z,,22,PT1M3S,hd,false,True,rectangular,1563,77,0,0
https://www.youtube.com/@theMITmonk,UC4ZVkG3RQPzvZk7alIVjcCg,theMITmonk,LKTy6vJjcJE,This is the Secret to Happiness,,2025-02-09T19:00:17Z,,22,PT51S,hd,false,True,rectangular,330,17,1,0
https://www.youtube.com/@theMITmonk,UC4ZVkG3RQPzvZk7alIVjcCg,theMITmonk,VMrbBAzwtZ8,Stop Following Your Passion,,2025-02-07T19:00:20Z,,22,PT49S,hd,false,True,rectangular,1461,67,2,0
https://www.youtube.com/@theMITmonk,UC4ZVkG3RQPzvZk7alIVjcCg,theMITmonk,2ceWg90o3io,Can you answer this interview question?,,2025-02-05T20:12:46Z,,22,PT49S,hd,false,True,rectangular,462,15,0,0
https://www.youtube.com/@theMITmonk,UC4ZVkG3RQPzvZk7alIVjcCg,theMITmonk,jL2aLAxOGXY,I was fired 3 times,,2025-02-01T19:00:33Z,,22,PT47S,hd,false,True,rectangular,1356,40,1,0
https://www.youtube.com/@theMITmonk,UC4ZVkG3RQPzvZk7alIVjcCg,theMITmonk,we1099_jH7k,These guys made billions copying businesses,,2025-01-31T19:00:42Z,,22,PT49S,hd,false,True,rectangular,7948,281,5,0
